source_brand,upc_count,sku_desc_count,first_week,last_week
KIND,237,232,2023-01-08,2026-04-19
LARABAR,215,217,2023-01-08,2026-04-19
CLIF BAR,208,204,2023-01-08,2026-04-19
QUEST,174,174,2023-01-08,2026-04-19
PRIVATE LABEL,164,162,2023-01-08,2026-04-19
RXBAR,131,129,2023-01-08,2026-04-19
ATKINS,118,116,2023-01-08,2026-04-19
THINK!,117,119,2023-01-08,2026-04-19
PURE PROTEIN,104,104,2023-01-08,2026-04-19
ONE BAR,93,93,2023-01-08,2026-04-19
BAREBELLS,91,89,2023-01-08,2026-04-19
PERFECT BAR,85,85,2023-01-08,2026-04-19
POWER CRUNCH,82,82,2023-01-08,2026-04-19
ROBERT IRVINES FITCRUNCH,75,76,2023-01-08,2026-04-19
BOBOS,67,68,2023-01-08,2026-04-19
ZONE PERFECT,67,66,2023-01-08,2026-04-19
GOMACRO,65,65,2023-01-08,2026-04-19
NUGO NUTRITION,65,66,2023-01-08,2026-04-19
BUILT BAR,60,63,2023-01-08,2026-04-19
PROBAR,59,58,2023-01-08,2026-04-19
BUILT PUFF,58,56,2023-01-08,2026-04-19
NO COW,58,60,2023-01-08,2026-04-19
THATS IT,57,57,2023-01-08,2026-04-19
HONEY STINGER,55,56,2023-01-08,2026-04-19
LUNA,55,54,2023-01-08,2026-04-19
ALOHA,48,48,2023-01-08,2026-04-19
CLIF ZBAR,47,48,2023-01-08,2026-04-19
MET-RX,47,49,2023-01-08,2026-04-19
REDCON1,47,47,2023-01-08,2026-04-19
BHU FOODS,46,43,2023-01-08,2026-04-19
CLIO,41,42,2023-01-08,2026-04-19
1ST PHORM,40,41,2023-01-08,2026-04-19
CLIF BUILDERS,39,39,2023-01-08,2026-04-19
CORE FOODS,37,36,2023-01-08,2026-04-19
GATORADE,37,37,2023-01-08,2026-04-19
ZING BAR,36,35,2023-01-08,2026-04-19
KIZE,35,34,2023-01-08,2026-04-19
SLIM FAST,35,36,2023-01-08,2026-04-19
READY,33,32,2023-01-08,2026-04-19
SIMPLYPROTEIN,33,31,2023-01-08,2026-04-19
NICKS,32,32,2023-01-08,2026-04-19
TRUBAR,32,32,2023-01-08,2026-04-19
LENNY & LARRYS,31,31,2023-01-08,2026-04-19
ALANI NU,30,29,2023-01-08,2026-04-19
DAVID,30,29,2024-11-10,2026-04-19
SPECIAL K,30,30,2023-01-08,2026-04-19
IQBAR,29,32,2023-01-08,2026-04-19
LOVE GOOD FATS,29,28,2023-01-08,2026-04-19
VERB,29,30,2023-01-08,2026-04-19
TOSI,28,27,2023-01-08,2026-04-19
CANDO,27,27,2023-01-08,2026-04-19
KATES REAL FOOD,27,27,2023-01-08,2026-04-19
TRUVANI,27,28,2023-01-08,2026-04-19
GNC,26,27,2023-01-08,2026-04-19
THUNDERBIRD,26,26,2023-01-08,2026-04-19
BETTY LOUS,25,25,2023-01-08,2026-04-19
BULLETPROOF,25,24,2023-01-08,2026-04-19
GARDEN OF LIFE,25,25,2023-01-08,2026-04-05
GENIUS GOURMET,25,25,2023-01-08,2026-04-19
MEZCLA,25,25,2023-01-08,2026-04-19
PROTEIN PUCK,25,25,2023-01-08,2026-04-19
FULFIL,24,25,2023-01-08,2026-04-19
JIMMYBAR,23,23,2023-01-08,2026-04-19
GOOD TO GO,22,22,2023-01-08,2026-03-29
MUNK PACK,22,22,2023-01-08,2026-04-19
NATURE VALLEY,22,22,2023-01-08,2026-04-19
ONCE UPON A FARM,22,22,2023-09-03,2026-04-19
VITAL PROTEINS,22,22,2023-01-08,2026-04-19
ANABAR,21,21,2023-01-08,2026-04-19
CAVEMAN FOODS,21,21,2023-01-08,2026-04-19
DETOUR,20,20,2023-01-08,2026-04-19
TAOS BAKES,20,20,2023-01-08,2026-04-19
OUTRIGHT,19,19,2023-01-08,2026-04-19
SKOUT ORGANIC,19,19,2023-01-08,2026-04-19
THE GLUTEN FREE BAR,19,19,2023-01-08,2026-04-19
BEARDED BROTHERS,18,19,2023-01-08,2026-04-19
BELLIWELLI,18,17,2023-01-08,2026-04-19
BOBS RED MILL,18,18,2023-01-08,2026-04-19
RATIO,18,18,2023-01-08,2026-04-19
TIGERS MILK,18,18,2023-01-08,2026-04-19
BATTLE BARS,17,16,2023-01-08,2026-04-19
BODYHEALTH,17,17,2023-01-08,2026-04-19
GOOD 2 GO,17,17,2023-01-08,2026-04-19
GORAW,17,17,2023-01-08,2026-04-19
QUANTUM ENERGY SQUARES,17,17,2023-01-08,2026-04-19
ATLAS BAR,16,16,2023-01-08,2026-04-19
GRAB 1,16,16,2023-01-08,2026-04-19
HEALTH WARRIOR,16,16,2023-01-08,2026-04-19
MISFITS,16,16,2023-09-10,2026-04-19
PROTEIN ONE,16,16,2023-01-08,2026-04-19
CLIF ZBAR PROTEIN,15,15,2023-01-08,2026-04-19
FEEL,15,15,2023-01-08,2026-04-19
MID-DAY SQUARES,15,15,2023-01-08,2026-04-19
MOSH,15,15,2023-01-08,2026-04-19
ORCHARD BAR,15,15,2023-01-08,2026-04-19
GOPALS HEALTHFOODS,14,14,2023-01-08,2026-04-19
LAIRD SUPERFOOD,14,14,2023-01-08,2026-04-19
NUSKOOL SNACKS,14,14,2023-01-08,2026-04-19
OFF THE FARM,14,14,2023-01-08,2026-04-19
RISE BAR,14,14,2023-01-08,2026-04-19
ALL REAL NUTRITION,13,13,2023-01-08,2026-04-19
MEET THE SOURCE,13,13,2023-01-08,2026-04-19
PAPA STEVES,13,13,2023-01-08,2026-04-19
POWERBAR PROTEIN PLUS,13,13,2023-01-08,2026-04-19
RAW REV GLO,13,12,2023-01-08,2026-04-19
THE YES BAR,13,12,2023-01-08,2026-04-19
TRANSPARENT LABS,13,13,2023-11-05,2026-04-19
UNITE FOOD,13,13,2023-01-08,2026-04-19
BALANCED TIGER,12,12,2023-01-08,2026-04-19
BLUE DINOSAUR,12,12,2023-01-08,2026-04-19
BSN,12,12,2023-01-08,2026-04-19
BUILT SOUR PUFF,12,12,2025-09-07,2026-04-19
JONESBAR,12,12,2023-01-08,2026-04-19
KETO WISE,12,13,2023-01-08,2026-04-19
KISS MY KETO,12,12,2023-01-08,2025-07-13
ORGAIN,12,12,2023-01-08,2026-04-19
REDD,12,12,2023-01-08,2026-04-19
WHOA DOUGH,12,12,2023-01-08,2026-04-19
BTR NATION,11,11,2023-01-08,2026-04-19
CLIF NUT BUTTER FILLED,11,10,2023-01-08,2026-04-19
HUNGRY BUDDHA,11,10,2023-01-08,2026-02-01
PICKY BARS,11,11,2023-01-08,2026-04-19
PREMIER PROTEIN,11,11,2023-01-08,2026-04-19
ERG,10,9,2023-01-08,2026-04-19
FRO PRO,10,10,2023-01-08,2026-04-19
GORILLA MIND,10,10,2024-03-24,2026-04-19
NUGO FIBER DLISH,10,10,2023-01-08,2026-04-19
PROMAX,10,10,2023-01-08,2026-04-19
RXBAR KIDS,10,10,2023-01-08,2026-04-19
UMCHU,10,10,2023-01-08,2026-04-19
URBAN REMEDY,10,10,2023-01-08,2026-04-19
WHY BARS,10,10,2023-01-08,2026-04-19
WISE BAR,10,10,2023-02-19,2026-04-19
88 ACRES,9,9,2023-01-08,2026-04-19
CLIF LUNA PROTEIN,9,9,2023-01-08,2026-03-01
DANG FOODS,9,9,2023-01-08,2026-04-19
DAVES KILLER BREAD,9,9,2023-01-08,2026-04-19
EAT TO HEAL,9,9,2023-01-08,2026-04-19
GHOST,9,9,2025-10-05,2026-04-19
GOOD SNACKS,9,9,2023-01-08,2026-04-19
GOODNESS KNOWS,9,9,2023-01-08,2026-03-29
IDEAL PROTEIN,9,9,2023-01-08,2025-11-30
MINDRIGHT,9,9,2023-01-08,2026-04-19
MUNK PACK PROBIOTIC PROTEIN,9,9,2025-02-02,2026-04-19
MUSCLE PHARM,9,9,2023-01-08,2026-04-19
PERFECT KETO,9,9,2023-01-08,2026-04-19
SHANTI BAR,9,9,2023-01-08,2026-04-19
SUPERGUT,9,9,2023-12-24,2026-04-19
BALANCE,8,9,2023-01-08,2026-04-19
EBARS,8,8,2023-01-08,2026-04-19
FROOZE BALLS,8,8,2023-01-08,2026-04-19
GARUKA BARS,8,7,2023-01-08,2026-04-19
GLUTENULL,8,8,2023-01-08,2026-04-19
GREENS PLUS,8,8,2023-01-08,2026-04-19
GU,8,8,2023-01-08,2026-04-19
HAMMER NUTRITION,8,8,2023-01-08,2026-04-19
JULIAN BAKERY,8,8,2023-01-08,2025-03-16
JUNKLESS,8,8,2023-01-08,2026-04-19
MUSH,8,8,2024-11-24,2026-04-19
MYPROTEIN,8,8,2023-01-08,2026-04-19
PRIMA,8,8,2024-12-22,2026-04-19
PROTEIN SNACK SHOP,8,8,2023-01-08,2026-04-19
RAW,8,8,2023-01-08,2026-04-19
RAWR BAR,8,8,2023-01-08,2026-04-19
SEND BARS,8,8,2024-12-22,2026-04-19
VEGA,8,8,2023-01-08,2026-01-11
CHOCORITE,7,7,2023-01-08,2026-04-19
CIRC,7,7,2023-10-22,2026-04-19
FAST BAR,7,7,2023-01-08,2025-12-07
FIBER ONE,7,7,2023-01-08,2026-04-19
MADE IN NATURE,7,7,2025-03-02,2026-04-19
MANITOBA HARVEST,7,7,2023-01-08,2025-10-05
OPTIMUM NUTRITION,7,7,2023-01-08,2026-04-19
RXAM,7,7,2023-01-08,2026-04-19
SNICKERS MARATHON,7,7,2023-01-08,2026-04-19
ARMS RACE NUTRITION,6,6,2023-03-26,2025-09-14
BIG SPOON ROASTERS,6,6,2023-01-08,2026-04-19
CLIF WHEY PROTEIN,6,6,2023-01-08,2026-04-19
DR MERCOLA,6,6,2023-01-08,2026-04-19
E3 ENERGY CUBES,6,6,2023-01-08,2026-04-19
ELEMENTAL SUPERFOOD,6,6,2023-01-08,2026-04-19
EVER BAR,6,6,2023-01-08,2026-04-19
EVO HEMP,6,6,2023-02-05,2026-04-19
EVOLVE,6,6,2023-01-08,2025-10-26
FULL CIRCLE MARKET,6,6,2024-08-04,2026-04-19
HEALTHY TRUTH,6,6,2023-01-08,2026-04-19
HORMBLES CHORMBLES,6,6,2025-04-27,2026-04-19
JACKED FACTORY,6,6,2023-01-08,2025-09-14
JACOB,6,6,2024-09-15,2026-04-19
JAMBAR,6,6,2023-01-08,2026-04-19
JUSTINS,6,6,2023-01-08,2026-04-19
LINDORA,6,6,2023-01-08,2024-10-27
LOVE FORCE,6,6,2023-01-08,2026-04-19
LUPII,6,6,2023-01-08,2026-04-12
MTN OPS,6,6,2023-01-08,2026-04-19
MTS NUTRITION,6,6,2023-01-08,2026-04-19
OATMEGA BAR,6,6,2023-01-08,2026-04-12
ORGANIC FOOD BAR,6,6,2023-01-08,2026-04-19
PEAK PROTEIN,6,6,2023-10-29,2026-04-19
PRIMAL KITCHEN,6,6,2023-01-08,2025-10-19
PRIVATE LABEL ORGANIC,6,6,2023-01-08,2026-04-19
PURE BLISS,6,6,2023-01-08,2026-04-19
RAW REV ORGANIC,6,6,2023-01-08,2025-07-27
RAWMANTIC CHOCOLATE,6,6,2023-01-08,2026-04-19
RITUAL ENERGY,6,6,2023-01-08,2025-10-05
SMALL SEED,6,6,2023-01-08,2026-04-19
SWEET NOTHINGS,6,6,2023-03-05,2026-04-19
TOYOU,6,6,2023-01-08,2026-04-19
TRUTH BAR,6,6,2023-01-08,2026-04-19
WELLA,6,6,2023-01-08,2026-04-19
AMRITA,5,5,2023-01-08,2026-04-19
BERRY NUTS,5,4,2023-01-08,2026-04-19
BLUE UNICORN,5,5,2024-12-08,2026-04-19
DVASH,5,5,2023-01-08,2026-04-19
GLUCERNA,5,5,2023-01-08,2026-04-05
GNC TOTAL LEAN,5,5,2023-05-21,2025-01-12
GOOD GOOD,5,5,2023-01-08,2026-01-18
GOOD GREENS,5,5,2023-01-08,2026-04-19
KASHI,5,5,2023-01-08,2026-04-19
LIVBAR,5,5,2023-01-08,2025-09-21
MAXAROON,5,5,2023-01-08,2026-04-19
MUSCLE MILK,5,5,2023-01-08,2026-04-12
NATURE FUEL,5,5,2023-01-08,2024-12-29
NOSUGAR,5,5,2023-01-08,2026-04-19
OHI FOOD CO,5,5,2023-01-08,2025-08-24
PALEO RANCH,5,5,2023-01-08,2024-08-25
ROCKY MOUNTAIN GRAIN,5,5,2023-01-15,2026-03-22
ROWDY BAR,5,5,2023-01-08,2025-07-13
SANS,5,5,2023-01-08,2026-04-19
TAHOE TRAIL BAR,5,5,2023-01-08,2026-04-19
VITAMIN BAR,5,5,2024-02-25,2026-04-19
AMBROSIA COLLECTIVE,4,4,2024-08-18,2026-04-19
CHOCOLITE,4,4,2023-01-08,2026-04-19
CLASENS,4,4,2023-01-08,2024-08-18
CRAFTED ENERGY,4,4,2023-01-08,2025-09-21
DEFI,4,4,2025-01-26,2026-04-19
EARNEST EATS,4,4,2023-01-08,2026-04-19
GRAB THE GOLD,4,4,2023-01-08,2026-04-19
HAPPY WOLF,4,4,2023-11-05,2026-04-19
IGNITE,4,4,2023-01-08,2026-04-05
INIT,4,4,2023-01-08,2026-02-22
INSTABAR,4,4,2025-07-27,2026-04-19
JANA BANANA,4,4,2023-01-08,2026-04-19
JOJE,4,4,2023-03-05,2025-05-25
JUST INGREDIENTS,4,4,2025-08-17,2026-04-19
JYM,4,4,2024-02-11,2026-04-19
KALUMI,4,4,2023-01-08,2025-07-13
KULI KULI,4,4,2023-01-08,2026-04-12
MAMMOTH BAR,4,4,2023-01-08,2026-04-19
META,4,4,2023-01-15,2026-04-19
NOBRAND,4,4,2023-01-08,2026-04-19
NUFS,4,3,2023-01-08,2025-01-26
ODYSSEY,4,4,2023-01-22,2026-04-19
OMMIE SNACKS,4,4,2023-01-08,2025-08-31
POWERBAR PERFORMANCE,4,4,2023-03-05,2026-03-22
PROMIX,4,4,2024-07-28,2026-04-19
PROSUPPS,4,4,2023-10-01,2026-04-19
RAISE THE BAR,4,4,2023-01-08,2025-05-04
RAW CRUNCH,4,5,2023-01-08,2026-04-19
REDCON1 MRE BAR,4,4,2023-01-08,2026-04-19
SAVAGE SNACKS,4,4,2025-02-16,2026-04-19
SKRATCH LABS,4,4,2023-01-08,2026-04-19
STEVES PALEOGOODS,4,4,2023-01-08,2025-03-09
SUPER POP SNACKS,4,4,2023-01-08,2026-04-19
TASTE OF NATURE,4,4,2023-10-22,2026-04-19
TATTOOED CHEF,4,4,2023-01-08,2025-06-22
TERRANUT,4,4,2023-01-08,2026-04-19
TONE IT UP,4,4,2023-01-08,2026-01-11
UNIVERSAL NUTRITION,4,4,2023-01-08,2025-12-14
UNTAPPED,4,4,2023-01-08,2026-04-19
WILD FOX,4,4,2025-08-17,2026-04-19
ACT BAR,3,3,2025-05-04,2025-07-13
AH CACAO,3,3,2023-01-15,2025-04-20
BEANSTALK,3,3,2024-08-11,2026-04-19
BEST CHOICE,3,3,2023-01-08,2026-04-19
BUFF BAKE,3,3,2023-01-08,2025-03-23
BYTE BARS,3,3,2023-01-08,2026-04-19
CLIF FRUIT SMOOTHIE FILLED,3,3,2023-01-08,2026-03-29
CONVENIENT NUTRITION,3,3,2023-01-08,2026-02-15
DIRT KITCHEN,3,3,2023-01-08,2024-12-29
DRAGONFLY NUTRITION,3,3,2023-01-08,2025-06-29
ENDURO,3,3,2023-01-08,2026-04-19
EPIC,3,3,2023-01-08,2026-04-05
ESSENTIAL EVERYDAY,3,3,2023-01-08,2026-04-19
FITJOY,3,3,2023-01-08,2025-03-30
FOOD CLUB,3,3,2023-01-08,2026-04-19
FRUITIFIED ZONE PERFECT,3,3,2023-01-08,2026-04-19
FUEL 4 EVER,3,3,2024-03-03,2026-04-19
GLOW BEAUTY FUEL,3,3,2025-02-23,2026-04-19
GOOD LOVIN,3,3,2023-01-08,2026-04-19
HONEY MAMAS,3,3,2025-03-09,2026-04-19
HUMMINGBAR,3,3,2023-04-30,2025-02-02
JOOLIES,3,3,2023-10-22,2026-04-19
KETO BARS,3,3,2023-01-08,2025-03-23
LIFE EXTENSION,3,3,2023-01-08,2026-04-19
LIRIOS,3,3,2023-01-08,2025-10-12
MYBAR,3,3,2024-04-28,2026-04-19
NOSH BAR,3,3,2023-01-08,2024-07-14
NUGO SMARTE CARB,3,3,2023-01-08,2026-04-19
NUTRI-GRAIN,3,3,2023-01-08,2026-04-19
NUTRISYSTEM,3,3,2023-01-08,2024-03-17
ONNIT,3,3,2023-01-08,2025-05-18
PATAGONIA PROVISIONS,3,3,2023-01-08,2025-07-06
PATTERBAR,3,3,2023-01-08,2026-04-19
PB FIT,3,3,2025-07-06,2026-04-19
PEP,3,3,2024-01-14,2026-03-01
PLANET SUPERFOOD,3,3,2025-01-12,2026-04-19
POWERBAR PLANT PROTEIN,3,3,2023-01-15,2026-02-08
POWERFUL YOGURT,3,3,2023-01-08,2025-08-24
PURE BLISS ORGANICS,3,3,2023-01-08,2026-04-19
QUAKER,3,3,2023-01-08,2026-01-04
RAWESOME MORSELS,3,3,2023-01-08,2026-04-19
RAWMYGOD,3,3,2023-11-05,2026-04-19
RBAR,3,3,2023-01-15,2026-03-01
RESIST,3,3,2023-01-08,2026-04-19
RICEWORKS,3,3,2023-01-08,2026-01-11
RXSUGAR,3,3,2024-03-24,2026-04-19
SAKARA,3,3,2023-01-08,2025-05-04
SEITENBACHER,3,3,2023-01-08,2026-04-19
SONIA S ORGANICS,3,3,2023-01-08,2026-04-19
SOW STRONG FOOD,3,3,2023-04-09,2026-04-19
SPROUT,3,3,2023-01-22,2026-04-19
SUN LOVIN BITES,3,3,2024-03-24,2026-04-19
SUNNIES,3,3,2023-01-08,2025-09-14
SUPREME PROTEIN,3,3,2023-01-08,2026-04-19
TALTY BAR,3,3,2023-01-08,2025-07-13
THE HEALTHY ENERGY BAR,3,3,2023-01-08,2026-04-19
THE MATE FACTOR,3,3,2023-01-08,2026-04-19
THRIVE BY GOMACRO,3,3,2023-03-19,2026-04-12
VUKOO,3,3,2023-01-08,2026-04-19
WHOLE IN ONE,3,3,2024-04-21,2026-04-19
ALL IN NUTRITION,2,2,2023-01-08,2024-05-05
AMAZING GRASS,2,2,2023-01-08,2024-03-03
BEBOLD,2,2,2023-01-08,2025-07-06
BELVITA,2,2,2024-10-27,2026-04-19
BERG BITES,2,2,2023-01-08,2026-04-19
BEST MAID,2,2,2023-01-08,2026-04-19
BIOCHEM,2,2,2023-09-10,2024-09-08
BLOGILATES,2,2,2023-03-12,2025-10-19
BON BEE HONEY,2,2,2024-06-23,2026-02-22
BONK BREAKER,2,2,2023-01-15,2024-04-14
BROOKSIDE,2,2,2023-02-05,2026-02-22
BUCKED UP,2,2,2023-01-15,2024-05-26
BUMBLE BAR,2,2,2023-08-27,2026-01-18
CIBARE,2,2,2023-01-29,2026-04-19
CLIF BUILDERS MAX,2,2,2023-01-15,2025-11-30
CLIF MOJO,2,2,2023-07-02,2024-08-25
CLIF WHOLE LOTTA,2,2,2023-01-08,2024-11-17
DANNON OIKOS,2,2,2023-08-06,2026-03-01
DIPSA FOOD,2,2,2023-01-08,2026-04-19
EARTH FED MUSCLE,2,2,2023-06-04,2026-04-19
FASTFUL,2,2,2023-01-08,2025-05-18
FINAFLEX,2,2,2023-01-08,2026-04-19
FIT BALLS,2,1,2023-01-08,2026-04-19
G2G,2,2,2023-01-08,2026-04-19
GRATISFIED,2,2,2023-01-08,2026-02-08
GREENS GONE WILD,2,2,2023-01-08,2025-10-19
GRENADE CARB KILLA,2,2,2023-01-22,2024-03-17
HEALTHY EATING ON THE GO,2,2,2023-08-27,2026-04-19
HUPPYBAR,2,2,2023-01-08,2026-04-19
INFINITY GREENS,2,2,2023-01-08,2026-03-15
JECA,2,2,2023-01-08,2026-04-19
JUST NOSH,2,2,2023-01-08,2026-04-19
KODO,2,2,2025-03-16,2026-04-19
LANDAU,2,2,2023-08-06,2026-04-19
LENKA BAR,2,2,2023-01-08,2026-04-19
LEVEL 1,2,2,2023-02-12,2024-06-23
MAINE COAST,2,2,2023-01-08,2026-04-19
MALLOW TREATS,2,2,2025-11-02,2026-04-19
MENOWELL,2,2,2023-12-24,2026-04-19
MOMS,2,2,2023-01-08,2024-08-25
MUSCLE SANDWICH,2,2,2023-01-08,2026-04-19
MUSCLE UP,2,2,2023-01-08,2026-04-19
MUSCLETECH,2,2,2023-02-19,2026-04-19
NAKED JUICE,2,2,2023-03-12,2024-09-15
NATURAL FACTORS,2,2,2023-01-08,2026-04-19
NATURES PLUS,2,2,2023-01-08,2024-07-07
NAVITAS ORGANICS,2,2,2023-03-19,2025-03-09
NECTIS,2,2,2023-01-08,2026-03-08
NO NUTS,2,2,2023-01-08,2025-05-11
NUTTZO,2,2,2023-04-02,2026-04-19
OAT MAMA,2,2,2025-03-02,2026-04-19
OWL,2,2,2023-01-08,2026-04-19
OWL FOOD,2,2,2023-01-08,2026-04-19
PALEO PRO,2,2,2023-01-08,2024-12-01
PI PERFORMANCE INSPIRED,2,2,2024-04-28,2026-04-19
POWERBAR,2,2,2023-03-26,2024-07-21
POWERBAR TRIPLE THREAT,2,2,2023-02-05,2024-05-26
PROTEIN POWER BALL,2,2,2023-01-08,2025-06-22
PURE FIT,2,2,2023-01-08,2026-03-15
QUAKER CHEWY,2,2,2025-08-24,2026-03-01
RBAR ENERGY,2,2,2023-01-15,2025-11-30
RELLO,2,2,2026-01-04,2026-04-19
RJ NATURALS,2,2,2025-11-02,2026-04-19
ROWDY,2,2,2023-01-08,2025-04-27
SAHALE SNACKS,2,2,2023-11-19,2026-04-12
SIMPLYFUEL,2,2,2023-04-09,2026-04-19
SIREN SNACKS,2,2,2023-01-08,2025-01-12
SMPL,2,2,2023-01-08,2024-09-29
SNICKERS,2,2,2023-01-08,2026-04-19
SOUTH FORTY SNACK COMPANY,2,2,2023-07-16,2026-04-05
SPHERE,2,2,2025-08-17,2026-04-19
SPORT PUX,2,2,2023-06-18,2026-04-19
SUNBEST,2,2,2024-07-14,2026-03-29
SUNRISE,2,2,2023-01-08,2026-04-19
THE BEST BAR EVER,2,2,2023-06-18,2025-10-12
THE BETTER BAR,2,2,2023-01-08,2026-04-19
THE GFB,2,2,2023-01-29,2026-04-19
TRACE,2,2,2023-03-12,2024-05-05
TUB,2,2,2023-01-08,2026-04-19
VUKOO VUKOO,2,2,2023-01-08,2026-04-19
WILD PROTEIN,2,2,2023-01-08,2024-04-07
ZEEK BAR,2,2,2023-01-08,2026-03-08
ZUNTA,2,2,2023-01-08,2026-04-19
100 CAL SNACKS,1,1,2025-05-04,2026-04-19
3BAR,1,1,2023-01-08,2024-02-11
4TH AND HEART,1,1,2024-09-29,2025-09-28
AFAR,1,1,2023-10-08,2026-04-19
AMBI,1,1,2023-10-22,2026-04-19
ARTISAN WINERY,1,1,2023-01-08,2026-04-19
BALANCE GOLD,1,1,2023-01-08,2025-01-05
BANANA VITAL,1,1,2023-01-08,2025-10-12
BANG,1,1,2023-01-08,2025-05-18
BASE CULTURE,1,1,2025-12-28,2025-12-28
BEAR BAR FOODS,1,1,2023-01-08,2026-04-19
BEAR NAKED,1,1,2023-04-16,2024-04-14
BEEMAX,1,1,2025-07-06,2026-04-19
BIG SUR BAR,1,1,2023-01-08,2026-04-19
BLENDER BOMBS,1,1,2023-01-08,2024-05-05
BOD BAR,1,1,2023-01-08,2026-04-19
BOUNCE FOODS,1,1,2024-07-07,2025-07-06
BOWL & BASKET,1,1,2024-09-15,2026-04-19
BRIGHT,1,1,2023-10-08,2024-10-06
BTR BAR,1,1,2024-03-24,2026-04-19
BUILT,1,1,2025-08-10,2026-04-19
BUTTER BARN BUTTER,1,1,2023-01-08,2026-04-19
CELEBRATIONS,1,1,2023-01-08,2026-04-19
CHARGE,1,1,2024-05-12,2026-04-19
CHEERIOS,1,1,2026-01-04,2026-04-19
CHOCOLITA,1,1,2023-01-08,2026-04-19
CLEAN SIMPLE EATS,1,1,2023-01-08,2026-04-19
CLIF KID,1,1,2023-01-08,2026-04-12
CLIF KITS ORGANIC,1,1,2025-05-18,2025-05-18
CLIF LUNA RICA,1,1,2025-01-12,2026-01-11
CLIF ZBAR FILLED,1,1,2023-01-29,2024-01-28
COCOMMUNE,1,1,2023-01-08,2024-12-29
COCOMOJOE,1,1,2023-01-08,2024-03-24
COLLIN STREET BAKERY,1,1,2025-08-24,2026-04-19
CORE KETO,1,1,2023-06-11,2025-02-09
DAILY KNEADS BREAD,1,1,2023-01-29,2026-01-11
DAK BAR,1,1,2023-01-08,2026-04-19
DEHL BAR,1,1,2023-02-12,2024-02-18
DELICIOUSLY ELLA,1,1,2025-09-07,2026-01-11
DOCTOR WILL BAR,1,1,2023-01-08,2024-02-11
DOUGHCHICKS,1,1,2023-01-08,2026-04-19
DR WILL,1,1,2023-01-08,2024-01-28
DULZURA BORINCANA,1,1,2023-01-08,2026-04-19
EARTH MAMA,1,1,2026-03-08,2026-04-19
EAS,1,1,2023-12-03,2024-12-08
EINSTEIN ENERGY,1,1,2025-11-02,2026-04-19
ELAVI,1,1,2023-01-08,2024-11-17
ELITE PROTEIN,1,1,2023-01-08,2024-04-28
ENERGY BALLZ,1,1,2023-01-08,2024-07-07
ENJOY LIFE,1,1,2023-01-08,2024-02-18
ENSURE,1,1,2023-05-07,2024-10-06
EQUIP,1,1,2025-10-26,2026-04-19
EVERGREEN,1,1,2023-01-08,2026-03-22
EVERHEMP+,1,1,2023-01-15,2024-02-18
FIVE PEAKS,1,1,2025-11-02,2026-02-15
FOR WELLNESS,1,1,2024-04-28,2026-04-19
FOUNDATION FOODS,1,1,2023-01-15,2026-04-19
FREEDOM BAR,1,1,2025-01-26,2026-03-29
GISELLES VEGAN KITCHEN,1,1,2023-01-08,2026-04-19
GOOD BE,1,1,2023-08-27,2024-08-25
GOOD MEASURE,1,1,2023-04-16,2026-04-12
GOOD SOURCE FOODS,1,1,2023-01-08,2024-11-03
GOODBELLY,1,1,2024-03-24,2025-03-23
GRANVITA,1,1,2023-10-22,2026-04-19
HAPPY VILLAGE,1,1,2023-06-04,2026-04-19
HEALTHY CRUNCH,1,1,2025-03-09,2026-04-12
HERSHEYS SMART ZONE,1,1,2023-01-29,2026-04-05
JENNY CRAIG,1,1,2023-01-08,2024-05-19
JOJOS,1,1,2023-09-10,2026-04-19
JOYVA,1,1,2024-04-21,2026-04-19
JUSTNOSH,1,1,2023-01-08,2026-04-19
KEHO,1,1,2023-10-01,2025-07-06
KETOLOGIC,1,1,2023-05-14,2024-05-12
KIMS MAGIC POP,1,1,2024-03-17,2025-03-16
KIRKLAND SIGNATURE,1,1,2026-02-22,2026-04-19
KOHLER CHOCOLATES,1,1,2023-01-08,2026-04-19
KOOG BAR,1,1,2024-03-24,2025-03-23
KT,1,1,2023-01-22,2026-04-19
KYLES ORGANICS,1,1,2025-04-27,2026-04-19
LAURAS BROWNIES,1,1,2023-01-08,2025-02-16
LIFE TO GO,1,1,2023-01-08,2025-04-20
LINEAR BAR,1,1,2025-04-13,2026-04-19
LOLA,1,1,2023-01-08,2025-08-31
LOLA BAR,1,1,2023-01-08,2026-04-19
MADE GOOD,1,1,2023-01-22,2026-04-12
MANOU,1,1,2025-02-16,2026-04-19
MEDITERRA,1,1,2023-04-30,2024-04-28
MIXIN IT UP,1,1,2023-06-18,2026-04-19
MOLECULAR ZEN,1,1,2024-12-15,2026-04-19
MOMS MUNCHIES,1,1,2023-01-08,2026-04-19
NATURALLY CLEAN EATS,1,1,2023-01-08,2025-05-11
NO SUGAR COMPANY,1,1,2023-01-08,2026-04-19
NOMI,1,1,2023-03-05,2024-03-03
NUT N PIP,1,1,2023-01-08,2026-04-05
NUTTY & FRUITY,1,1,2024-04-28,2026-04-19
NUTTY CRUNCHERS,1,1,2023-03-26,2026-04-19
NUZEST,1,1,2023-01-08,2024-08-18
ODWALLA,1,1,2024-03-10,2025-03-09
OHYEAH,1,1,2023-02-05,2025-12-07
OLD CAVENDISH,1,1,2023-09-17,2025-06-01
OLIVIERO,1,1,2023-10-01,2026-04-19
OLLY,1,1,2023-01-29,2024-03-03
OSHEE,1,1,2024-01-21,2026-04-19
OSKRI ORGANICS,1,1,2024-08-25,2026-04-19
OUR FAMILY,1,1,2023-01-08,2026-04-19
OUTCLASS NUTRITION,1,1,2024-10-20,2026-04-19
PACT,1,1,2023-05-21,2024-05-19
PATTER BAR,1,1,2023-01-08,2026-04-19
PAYDAY,1,1,2023-01-08,2026-04-05
PEI TIEN,1,1,2023-01-08,2026-04-19
PETUNIAS,1,1,2023-01-08,2024-01-07
PHILS POWER PANCAKE,1,1,2023-01-08,2026-04-19
POWERBAR HARVEST,1,1,2023-08-06,2024-08-04
PRANAM SUPERFOODS,1,1,2023-02-05,2024-10-13
PREMIER,1,1,2025-02-16,2026-04-19
PRO BAR,1,1,2023-01-29,2026-02-15
PURE ORGANIC,1,1,2024-08-04,2026-04-05
PURELY ELIZABETH,1,1,2024-03-31,2025-03-30
RICKAROONS,1,1,2023-01-08,2024-01-07
RX NUT BUTTER,1,1,2023-03-05,2024-03-03
SAN DIEGO BAR,1,1,2023-01-08,2026-04-19
SCOTTS SIGNATURE SERIES,1,1,2023-01-08,2026-03-15
SE GROCERS,1,1,2023-07-23,2025-02-02
SHREWD FOOD,1,1,2023-04-02,2025-03-30
SIMPLY PROTEIN,1,1,2025-03-23,2026-04-19
SIREN,1,1,2023-01-08,2024-03-10
SIX STAR,1,1,2023-07-23,2024-07-21
SKINNY GIRL,1,1,2023-01-08,2024-10-06
SKIPPY,1,1,2023-10-22,2026-04-12
SOBAR,1,1,2023-01-08,2024-02-18
STANDARD PROCESS,1,1,2023-07-30,2026-04-19
STARS & HONEY,1,1,2024-08-04,2026-04-19
STONEWALL KITCHEN,1,1,2023-01-22,2026-01-25
SUN LOVIN,1,1,2024-03-24,2026-04-19
THE CRISPERY,1,1,2023-12-31,2026-04-19
THE CULTURED SNACKING CO,1,1,2026-03-29,2026-03-29
THE FAM BAR,1,1,2025-03-02,2026-04-19
THE FUNCTIONAL CHOCOLATE CO,1,1,2023-01-08,2026-04-19
THINK,1,1,2025-12-14,2026-04-05
THIS SAVES LIVES,1,1,2023-01-08,2025-11-02
TOM & LUKE,1,1,2023-01-08,2024-12-29
TRADITIONAL MEDICINALS,1,1,2025-05-11,2025-05-11
TRAM BAR,1,1,2023-08-20,2024-08-18
TRISCUIT,1,1,2024-03-31,2025-04-06
UMBO,1,1,2023-01-08,2026-03-15
UNIVERSAL BAKERY,1,1,2023-01-08,2026-04-19
UST,1,1,2023-01-15,2025-11-16
VEGAN PURE,1,1,2023-01-08,2026-04-19
VITAL HALVA,1,1,2025-08-17,2026-04-19
VOYAGER,1,1,2023-06-18,2026-04-19
WAI LANA,1,1,2024-02-04,2026-04-19
WELLWERKS,1,1,2025-03-02,2026-04-19
WHEATIES FUEL,1,1,2023-04-02,2024-12-01
WHOLLY BALLS,1,1,2023-12-10,2026-04-19
WILLAPA RIVER GOODS,1,1,2023-01-08,2026-04-19
YOU ARE LOVED,1,1,2023-01-08,2025-01-26
ZOE FOODS,1,1,2025-08-17,2025-08-17
ZYDECO,1,1,2023-02-12,2024-02-11
