retailer,built_customer,netsuite_customer_id,spins_customer,channel,sales_manager,source_file
MEIJER,MEIJER,C0885559,MEIJER CORP - RMA,Grocery,Sam,SalesRepTables.xlsx
CVS,"DOT FOODS, INC",C0806389,CVS CORP TTL - RMA,Drug,Karen,SalesRepTables.xlsx
MEIJER EXPRESS,"DOT FOODS, INC",C0806389,,Convenience,Sam,SalesRepTables.xlsx
AWG,"DOT FOODS, INC",C0806389,ASSOCIATED WHOLESALE GROCERS CORP - SRMA,Grocery,Shaina,SalesRepTables.xlsx
LOWES,"DOT FOODS, INC",C0806389,,Specialty,Sam,SalesRepTables.xlsx
YESWAY,"DOT FOODS, INC",C0806389,YESWAY/ALLSUPS CORP - RMA,Convenience,Sam,SalesRepTables.xlsx
LOWES FOODS,"DOT FOODS, INC",C0806389,ALEX LEE - LOWES FOODS,Grocery,Chris,SalesRepTables.xlsx
SCHNUCKS,"DOT FOODS, INC",C0806389,SCHNUCKS - TOTAL US,Grocery,Shaina,SalesRepTables.xlsx
GETGO,"DOT FOODS, INC",C0806389,GIANT EAGLE - GETGO CORP - RMA,Convenience,Sam,SalesRepTables.xlsx
WALGREENS,"DOT FOODS, INC",C0806389,WALGREENS BOOTS ALLIANCE (WBA) CORP - RMA,Drug,Karen,SalesRepTables.xlsx
FAREWAY,"DOT FOODS, INC",C0806389,FAREWAY,Grocery,Shaina,SalesRepTables.xlsx
THE FRESH MARKET,"DOT FOODS, INC",C0806389,THE FRESH MARKET - TOTAL US,Natural,Chris,SalesRepTables.xlsx
QUIK TRIP,"DOT FOODS, INC",C0806389,,Convenience,Shaina,SalesRepTables.xlsx
BUC-EES,"GROCERY SUPPLY COMPANY, INC",C0761200,,Convenience,Sam,SalesRepTables.xlsx
CEFCO,"GROCERY SUPPLY COMPANY, INC",C0761200,,Convenience,Sam,SalesRepTables.xlsx
HOLIDAY OIL,COTTONWOOD DISTRIBUTION,C0761117,,Convenience,Shaina,SalesRepTables.xlsx
HARMONS NEIGHBORHOOD GROCER,ON THE DOT DISTRIBUTION,C0761101,HARMONS NEIGHBORHOOD GROCER - TOTAL US,Grocery,Jose,SalesRepTables.xlsx
WEIS MARKETS,C&S WHOLESALE GROCERS,C0933147,WEIS MARKETS - TOTAL US,Grocery,Karen,SalesRepTables.xlsx
THE GIANT COMPANY,C&S WHOLESALE GROCERS,C0933147,AD - AHOLD GIANT CARLISLE DIV - RMA,Grocery,Karen,SalesRepTables.xlsx
STOP & SHOP,C&S WHOLESALE GROCERS,C0933147,AD - AHOLD STOP & SHOP DIV - RMA,Grocery,Karen,SalesRepTables.xlsx
GIANT FOODS,C&S WHOLESALE GROCERS,C0933147,AD - AHOLD GIANT LANDOVER DIV - RMA,Grocery,Karen,SalesRepTables.xlsx
CASEYS CORP,CASEY'S STORES,C1091598,,Convenience,Shaina,SalesRepTables.xlsx
CERTCO INC.,CERTCO INC.,C0806394,,Grocery,Shaina,SalesRepTables.xlsx
VITAMIN SHOPPE,VITAMIN SHOPPE,C1082921,VITAMIN SHOPPE,Specialty,Karen,SalesRepTables.xlsx
WINCO,WINCO,C0761178,,Grocery,Jose,SalesRepTables.xlsx
ALDI GROCERY,ALDI GROCERY,C0808537,,Grocery,Sam,SalesRepTables.xlsx
"BJ'S WHOLESALE CLUB, INC","BJ'S WHOLESALE CLUB, INC",C1772235,BJS CORP - RMA,Club,Dan,SalesRepTables.xlsx
PUBLIX,PUBLIX,C1687278,PUBLIX CORP - RMA,Grocery,Chris,SalesRepTables.xlsx
ALBERTSONS COMPANIES,SAFEWAY INC,C1771327,AC - ALBERTSONSCO CORP - RMA,Grocery,Chris,SalesRepTables.xlsx
JEWEL OSCO,SAFEWAY INC,C1771327,AC - ALBERTSONSCO JEWEL DIV - RMA,Grocery,Chris,SalesRepTables.xlsx
TRUE NORTH NUTRITION LTD.,TRUE NORTH NUTRITION LTD.,C0000494,,Grocery,Eric,SalesRepTables.xlsx
"SHEETZ DISTRIBUTION SERVICE, LLC","SHEETZ DISTRIBUTION SERVICE, LLC",C0761214,,Convenience,Sam,SalesRepTables.xlsx
THE KROGER COMPANY,THE KROGER COMPANY,C1731798,KROGER BANNER TOTAL - RMA,Grocery,Karen,SalesRepTables.xlsx
FRED MEYER,UNFI,C0761150,KROGER FRED MEYER CORP W/O ALASKA - RMA,Grocery,Karen,SalesRepTables.xlsx
QFC,UNFI,C0761150,KROGER QFC CORP - RMA,Grocery,Karen,SalesRepTables.xlsx
HAGGEN,UNFI,C0761150,AC - ALBERTSONSCO HAGGENS DIV - RMA,Grocery,Chris,SalesRepTables.xlsx
WAKEFERN,UNFI,C0761150,WAKEFERN CORP W/O PRICE RITE - RMA,Grocery,Karen,SalesRepTables.xlsx
MARKET BASKET,UNFI,C0761150,DEMOULAS - RMA,Grocery,Karen,SalesRepTables.xlsx
BIG Y,UNFI,C0761150,BIG Y - RMA,Grocery,Karen,SalesRepTables.xlsx
FAMILY FOODS,UNFI,C0761150,,Grocery,Chris,SalesRepTables.xlsx
WEGMANS,UNFI,C0761150,WEGMANS CORP W/O METRO NY - RMA,Grocery,Karen,SalesRepTables.xlsx
BRISTOL FARMS,UNFI,C0761150,GOOD FOOD HOLDINGS - BRISTOL FARMS,Grocery,Jose,SalesRepTables.xlsx
GELSONS,UNFI,C0761150,GELSONS MARKETS - TOTAL US,Grocery,Jose,SalesRepTables.xlsx
UNFI (SUPERVALU),UNFI,C0761150,UNFI (SUPERVALU) TOTAL ENTERPRISE - SRMA,Grocery,Shaina,SalesRepTables.xlsx
CUB FOODS,UNFI,C0761150,UNFI CUB FOODS,Grocery,Shaina,SalesRepTables.xlsx
FESTIVAL FOODS,UNFI,C0761150,,Grocery,Shaina,SalesRepTables.xlsx
MAVERIK,"CORE-MARK INTERNATIONAL, INC.",C0761137,MAVERIK - TOTAL US,Convenience,Shaina,SalesRepTables.xlsx
DELEK,"CORE-MARK INTERNATIONAL, INC.",C0761137,,Convenience,Sam,SalesRepTables.xlsx
GPM,"CORE-MARK INTERNATIONAL, INC.",C0761137,GPM INVEST CORP - RMA,Convenience,Sam,SalesRepTables.xlsx
UNITED PACIFIC,"CORE-MARK INTERNATIONAL, INC.",C0761137,,Convenience,Shaina,SalesRepTables.xlsx
TERRIBLES,"CORE-MARK INTERNATIONAL, INC.",C0761137,,Convenience,Shaina,SalesRepTables.xlsx
HUDSON NEWS,"CORE-MARK INTERNATIONAL, INC.",C0761137,,Specialty,Sam,SalesRepTables.xlsx
PARADIES LAGARDERE,"CORE-MARK INTERNATIONAL, INC.",C0761137,,Specialty,Sam,SalesRepTables.xlsx
CROSS AMERICA PARTNERS,"CORE-MARK INTERNATIONAL, INC.",C0761137,,Convenience,Sam,SalesRepTables.xlsx
ANABI OIL,"CORE-MARK INTERNATIONAL, INC.",C0761137,,Convenience,Shaina,SalesRepTables.xlsx
PLAID PANTRY,"CORE-MARK INTERNATIONAL, INC.",C0761137,PLAID PANTRY - SRMA,Convenience,Shaina,SalesRepTables.xlsx
TRAVEL CENTERS OF AMERICA,"CORE-MARK INTERNATIONAL, INC.",C0761137,,Convenience,Sam,SalesRepTables.xlsx
CIRCLE K WEST,"CORE-MARK INTERNATIONAL, INC.",C0761137,CIRCLE K CORP - RMA,Convenience,Shaina,SalesRepTables.xlsx
GLOBAL PARTNERS,"CORE-MARK INTERNATIONAL, INC.",C0761137,,Convenience,Sam,SalesRepTables.xlsx
TRUE NORTH,"CORE-MARK INTERNATIONAL, INC.",C0761137,,Specialty,Sam,SalesRepTables.xlsx
TRAVEL TRADERS,"CORE-MARK INTERNATIONAL, INC.",C0761137,,Convenience,Sam,SalesRepTables.xlsx
AMPM,"CORE-MARK INTERNATIONAL, INC.",C0761137,,Convenience,Sam,SalesRepTables.xlsx
FIVE BELOW,"CORE-MARK INTERNATIONAL, INC.",C0761137,,Specialty,Sam,SalesRepTables.xlsx
RACETRAC,"CORE-MARK INTERNATIONAL, INC.",C0761137,,Convenience,Sam,SalesRepTables.xlsx
SPARTAN NASH,SPARTAN FOOD STORES,C1110879,SPARTANNASH CORP - RMA,Grocery,Sam,SalesRepTables.xlsx
JACKSONS,CAPITOL DISTRIBUTING,C0761161,JACKSONS FOOD STORES CORP - RMA,Convenience,Shaina,SalesRepTables.xlsx
HARRIS TEETER,HARRIS TEETER,C0761149,KROGER HARRIS TEETER TTL - RMA,Grocery,Karen,SalesRepTables.xlsx
UNITED SUPERMARKETS,KEHE DISTRIBUTORS,C0761149,AC - ALBERTSONSCO UNITED DIV - RMA,Grocery,Chris,SalesRepTables.xlsx
SAVE MART,KEHE DISTRIBUTORS,C0761149,SAVE MART CORP - RMA,Grocery,Chris,SalesRepTables.xlsx
BROOKSHIRES,KEHE DISTRIBUTORS,C0761149,BROOKSHIRE GROCERY CORP - RMA,Grocery,Chris,SalesRepTables.xlsx
FRESH THYME,KEHE DISTRIBUTORS,C0761149,FRESH THYME MARKET - TOTAL US,Natural,Jose,SalesRepTables.xlsx
GIANT EAGLE,KEHE DISTRIBUTORS,C0761149,GIANT EAGLE CORP - RMA,Grocery,Karen,SalesRepTables.xlsx
RALPHS,KEHE DISTRIBUTORS,C0761149,KROGER RALPHS - RMA,Grocery,Karen,SalesRepTables.xlsx
SMITHS,KEHE DISTRIBUTORS,C0761149,KROGER SMITHS - RMA,Grocery,Karen,SalesRepTables.xlsx
KING SOOPERS,KEHE DISTRIBUTORS,C0761149,KROGER KING SOOPERS - RMA,Grocery,Karen,SalesRepTables.xlsx
SPROUTS,KEHE DISTRIBUTORS,C0761149,SPROUTS FARMERS MARKET - TOTAL US W/O PL,Natural,Jose,SalesRepTables.xlsx
NORTHWEST GROCERS,KEHE DISTRIBUTORS,C0761149,NORTHWEST GROCER - TOTAL US,Grocery,Chris,SalesRepTables.xlsx
HEB,H-E-B,C2144665,,Grocery,Chris,SalesRepTables.xlsx
TARGET CORPORATION,TARGET CORPORATION,C1714537 ,TARGET CORP - RMA,Mass,Dan,SalesRepTables.xlsx
"ASSOCIATED FOOD STORES, INC.","ASSOCIATED FOOD STORES, INC.",C0000493,AFS - ASSOCIATED FOOD STORES - TOTAL US,Grocery,Jose,SalesRepTables.xlsx
KWIK TRIP,KWIK TRIP,C1701447,,Convenience,Shaina,SalesRepTables.xlsx
SMART & FINAL,"SMART & FINAL STORES, LLC",C1293413,,Grocery,Chris,SalesRepTables.xlsx
SAM'S CLUB,SAM'S CLUB,C0761166,SAMS CORP - RMA,Club,Eric,SalesRepTables.xlsx
CIRCLE K EAST,MCLANE GROCER,C0761185,SAME AS CIRCLE K WEST,Convenience,Shaina,SalesRepTables.xlsx
EG AMERICA,MCLANE GROCER,C0761185,EG GROUP CORP - RMA,Convenience,Sam,SalesRepTables.xlsx
WALMART,MCLANE GROCER,C0761185,WALMART CORP - RMA,Mass,Eric,SalesRepTables.xlsx
PILOT FLYING J,MCLANE GROCER,C0761185,PILOT FLYING J CORP - RMA,Convenience,Sam,SalesRepTables.xlsx
EXTRA MILE,MCLANE GROCER,C0761185,EXTRAMILE CORP - RMA,Convenience,Shaina,SalesRepTables.xlsx
7 ELEVEN,MCLANE GROCER,C0761185,,Convenience,Sam,SalesRepTables.xlsx
WAWA,MCLANE GROCER,C0761185,WAWA CORP - RMA,Convenience,Sam,SalesRepTables.xlsx
TOWN PUMP,MCLANE GROCER,C0761185,,Convenience,Shaina,SalesRepTables.xlsx
HY-VEE FAST & FRESH,HYVEE DISTRIBUTION CENTER,C0761120,HY-VEE FAST & FRESH - RMA,Convenience,Shaina,SalesRepTables.xlsx
HY-VEE,HYVEE DISTRIBUTION CENTER,C0761120,HY-VEE CORP - RMA,Grocery,Shaina,SalesRepTables.xlsx
COSTCO,COSTCO,C0761172,,Club,Dan,SalesRepTables.xlsx
COSTCO CANADA,COSTCO WHOLESALE CANADA LTD.,C1273832,,Club,Dan,SalesRepTables.xlsx
OTHER SPINS,OTHER SPINS,,,Grocery,--,SalesRepTables.xlsx
OTHER RETAIL,ALDER FOODS,C0986228,,Grocery,Chris,SalesRepTables.xlsx
OTHER RETAIL,AL'S SPORTING GOODS,C0762140,,Specialty,Kelsey,SalesRepTables.xlsx
OTHER RETAIL,COHEN FOODS,C1138863,,Grocery,Shaina,SalesRepTables.xlsx
OTHER RETAIL,CROSSROADS SALES,C0761156,,Grocery,Kelsey,SalesRepTables.xlsx
OTHER RETAIL,"GEM STATE DISTRIBUTORS, LLC",C0761143,,Grocery,Shaina,SalesRepTables.xlsx
OTHER RETAIL,SPORTLIFE DISTRIBUTION,C1361540,,Specialty,Matt,SalesRepTables.xlsx
OTHER RETAIL,DNA SPORTS NUTRITION,C1559949,,Specialty,Matt,SalesRepTables.xlsx
OTHER RETAIL,JUNGLE JIM'S,C0806383,,Specialty,Karen,SalesRepTables.xlsx
OTHER RETAIL,K&K DISTRIBUTORS,C0761196,,Grocery,Jose,SalesRepTables.xlsx
OTHER RETAIL,"LIFETIME, INC.",C0761123,,Specialty,Matt,SalesRepTables.xlsx
OTHER RETAIL,MUSCLE FOODS USA,C0761100,,Specialty,Matt,SalesRepTables.xlsx
OTHER RETAIL,NASSAU CANDY DISTRIBUTORS,C1020928,,Grocery,Karen,SalesRepTables.xlsx
OTHER RETAIL,NATIONAL CONVENIENCE DISTRIBUTOR'S NEW ENGLAND,C1093613,,Convenience,Sam,SalesRepTables.xlsx
OTHER RETAIL,"NATIONAL CONVENIENCE DISTRIBUTOR'S, TRI-STATE",C0761500,,Convenience,Sam,SalesRepTables.xlsx
OTHER RETAIL,NU INC,C1001291,,Grocery,Karen,SalesRepTables.xlsx
OTHER RETAIL,PENNSOUTH DISTRIBUTING,C0761168,,Grocery,Sam,SalesRepTables.xlsx
OTHER RETAIL,"S. ABRAHAM & SON'S, INC",C0761501,,Specialty,Sam,SalesRepTables.xlsx
OTHER RETAIL,THE H.T. HACKNEY CO.,C0761199,,Grocery,Sam,SalesRepTables.xlsx
OTHER RETAIL,THE NUT GARDEN,C0761099,,Specialty,Kelsey,SalesRepTables.xlsx
OTHER RETAIL,WL PETREY WHOLESALE CO INC,C0806393,,Specialty,Sam,SalesRepTables.xlsx
