id,built_item_no,built_item_description,built_upc,majority_type,bars_per_unit,retail_sale_price_per_bar,retail_sale_price_per_unit,notes,spins_upc,spins_description,key11,match_method,exclusive_to,is_shipper_or_display,is_inner_caddy,is_discontinued,is_2027_innovation,is_tbd,source,netsuite_itemid,netsuite_sku,netsuite_productdescription,netsuite_upc,netsuite_barsperpack,netsuite_flavor,netsuite_itemtype,netsuite_cseg_ccc_prod_line,netsuite_producttype,netsuite_producttypeid,netsuite_isinactive,spins_upc_panel,spins_description_panel,pack_count_from_spins,line_from_spins,built_on
75.0,MBD0009,Mixed Puff Box (7 Peanut Butter Cup Puff + 6 Milk Chocolate S'mores Puff) ,8 40229 30647 3,Puff,13.0,1.2761538461538462,16.59,Sam's Club Exclusive,08-40229-30647,Built Puff Peanut Butter Cup  / Smores Chunk Variety Pack 18.3oz (13pk),84022930647,connor_spins_upc,Sam's Club,False,False,False,False,False,connor_item_assumptions_2026-07-22,,,,,,,,,,,,08-40229-30647,Built Puff Peanut Butter Cup  / Smores Chunk Variety Pack 18.3oz (13pk),13,Puff,2026-10-09
77.0,PFB0350,BUILT Puff Coconut Puff - FRENCH,8 40229 30317 5,Puff,1.0,1.5,1.5,True North Nutrition Exclusive,,,84022930317,connor_built_upc,True North Nutrition,False,False,False,False,False,connor_item_assumptions_2026-07-22,,,,,,,,,,,,,,,,2026-10-09
119.0,MER0073,"48CT Countertop Shipper Evergreen (24 Brownie Batter, 24 Cookie Dough Chunk  )",8 40229 30704 3 ,Puff,48.0,1.72,82.56,Shipper,,,84022930704,connor_built_upc,,True,False,False,False,False,connor_item_assumptions_2026-07-22,120747.0,MER0073,"48CT CNTP ShipEvergren 24BrownBatter,24Cookie Dough Ck",840229307043,48,"48CT CNTP ShipEvergren 24BrownBatter,24Cookie Dough Ck",Assembly,3,2,Core,F,,,,,2026-10-09
118.0,MER0072,"48CT Countertop Shipper Summer (24 Rocky Road, 24 Orange Cream Pop)",8 40229 30699 2,Puff,48.0,1.72,82.56,Shipper,,,84022930699,connor_built_upc,,True,False,False,False,False,connor_item_assumptions_2026-07-22,120746.0,MER0072,"48CT CNTP Ship Summer 24Rocky Road,24Orange Cream Pop",840229306992,48,"48CT CNTP Ship Summer 24Rocky Road,24Orange Cream Pop",Assembly,3,1,Promo,F,,,,,2026-10-09
117.0,MER0071,"48CT Countertop Shipper Built Sour Puff (24 Blue Razz, 24 Sweet Peach)",8 40229 30693 0,Sour Puff,48.0,1.72,82.56,Shipper,,,84022930693,connor_built_upc,,True,False,False,False,False,connor_item_assumptions_2026-07-22,120646.0,MER0071,"48CT CNTP Ship Sour Puff 24Blue Razz,24Sweet Peach",840229306930,48,"48CT CNTP Ship Sour Puff 24Blue Razz,24Sweet Peach",Assembly,3,2,Core,F,,,,,2026-10-09
116.0,MER0070,"72CT Floor Shipper Evergreen (36 Brownie Batter, 36 Peanut Butter Cup)",8 40229 30702 9 ,Puff,72.0,1.72,123.84,Shipper,,,84022930702,connor_built_upc,,True,False,False,False,False,connor_item_assumptions_2026-07-22,120548.0,MER0070,"72CT FL.Ship Evergrn 36 BrownieBatter, 36 PB Cup",840229307029,72,"72CT FL.Ship Evergrn 36 BrownieBatter, 36 PB Cup",Assembly,3,2,Core,F,,,,,2026-10-09
115.0,MER0069,"72CT Floor Shipper Summer (36 Rocky Road, 36 Cream Pop)",8 40229 30695 4,Puff,72.0,1.72,123.84,Shipper,,,84022930695,connor_built_upc,,True,False,False,False,False,connor_item_assumptions_2026-07-22,120547.0,MER0069,"72CT FL.Ship Summer 36Rocky Road, 36Cream Pop",840229306954,72,"72CT FL.Ship Summer 36Rocky Road, 36Cream Pop",Assembly,3,1,Promo,F,,,,,2026-10-09
114.0,MER0068,"72CT Floor Shipper Evergreen (36 Brownie Batter, 36 Cookie Dough Chunk Puff)",8 40229 30701 2 ,Puff,72.0,1.72,123.84,Shipper,,,84022930701,connor_built_upc,,True,False,False,False,False,connor_item_assumptions_2026-07-22,120546.0,MER0068,"72CTFL.ShipEvergrn 36BrowBatter,36CookieDoughCk",840229307012,72,"72CTFL.ShipEvergrn 36BrowBatter,36CookieDoughCk",Assembly,3,2,Core,F,,,,,2026-10-09
113.0,MER0067,"72CT Floor Shipper Evergreen (24 Brownie Batter, 24 Cookie Dough Chunk Puff, 24 Peanut Butter Cup )",8 40229 30700 5 ,Puff,72.0,1.72,123.84,Shipper,,,84022930700,connor_built_upc,,True,False,False,False,False,connor_item_assumptions_2026-07-22,120447.0,MER0067,"72CT FL.Ship Evergrn 24BrownBatter,24CookieDoughCk,24PB Cup",840229307005,72,"72CT FL.Ship Evergrn 24BrownBatter,24CookieDoughCk,24PB Cup",Assembly,3,2,Core,F,,,,,2026-10-09
112.0,MER0066,"72CT Floor Shipper Summer (24 Rocky Road, 24 Cream Pop, 24 Mint Chip)",8 40229 30694 7,Puff,72.0,1.72,123.84,Shipper,,,84022930694,connor_built_upc,,True,False,False,False,False,connor_item_assumptions_2026-07-22,120347.0,MER0066,"72CT FL.ShipSummer 24RockyRoad,24CreamPop,24MintChip",840229306947,72,"72CT FL.ShipSummer 24RockyRoad,24CreamPop,24MintChip",Assembly,3,1,Promo,F,,,,,2026-10-09
111.0,MER0065,"72CT Floor Shipper Built Sour Puff (36 Blue Razz, 36 Sweet Peach)",8 40229 30692 3,Sour Puff,72.0,1.72,123.84,Shipper,,,84022930692,connor_built_upc,,True,False,False,False,False,connor_item_assumptions_2026-07-22,120446.0,MER0065,"72CT FL.Ship Sour Puff-36 Blue Razz,36 Sweet Peach",840229306923,72,"72CT FL.Ship Sour Puff-36 Blue Razz,36 Sweet Peach",Assembly,3,2,Core,F,,,,,2026-10-09
110.0,MER0080,"72CT Floor Shipper Built Sour Puff (36 Blue Razz, 36 Green Apple)",8 40229 30715 9,Sour Puff,72.0,1.72,123.84,Shipper,,,84022930715,connor_built_upc,,True,False,False,False,False,connor_item_assumptions_2026-07-22,125765.0,MER0080,"72CT FlrShip Sour Puff (36 Blue Razz, 36 Green Apple)/12",840229307159,72,"72CT FlrShip Sour Puff (36 Blue Razz, 36 Green Apple)/12",Assembly,3,2,Core,F,,,,,2026-10-09
109.0,MBD0010,13ct Mixed Sour Puff Box (7 Sweet Peach Puff + 6 Green Apple Puff),8 40229 30736 4,Sour Puff,13.0,1.2761538461538462,16.59,Sam's Club Exclusive,,,84022930736,connor_built_upc,Sam's Club,False,False,False,False,False,connor_item_assumptions_2026-07-22,128475.0,MBD0010,Sam's Sour Puff 13ct SwtPeach-GrnApple,840229307364,13,Sam's Sour Puff 13ct SwtPeach-GrnApple,Assembly,3,2,Core,F,08-40229-30736,Built Sour Puff Sweet Peach Punch And Green Apple Crush Protein Bar 1.45 Oz (13 Pk),13,Sour Puff,2026-10-09
108.0,MER0077,"14ct display ready tray (5 brownie batter 4ct, 9 Cookie Dough 4ct) ",8 40229 307098,Chunk Puff,56.0,1.4225,79.66000000000001,ALDI Display Ready Case,,,84022930709,connor_built_upc,,True,False,False,False,False,connor_item_assumptions_2026-07-22,,,,,,,,,,,,,,,,2026-10-09
104.0,MER0064,"72CT Floor Shipper Built Sour Puff (24 Blue Razz, 24 Sweet Peach, 24 Green Apple)",8 40229 30691 6,Sour Puff,72.0,1.72,123.84,Shipper,,,84022930691,connor_built_upc,,True,False,False,False,False,connor_item_assumptions_2026-07-22,120246.0,MER0064,"72CT FL.Ship Sour Puff-24BluRazz,24SwtPeach,24GrnApple",840229306916,72,"72CT FL.Ship Sour Puff-24BluRazz,24SwtPeach,24GrnApple",Assembly,3,2,Core,F,,,,,2026-10-09
102.0,MER0062,"Holiday Sidekick Display 30ct (15 Candy Cane Brownie 4ct, 15 Chocolatey Hazelnut 4ct)",008 40229 30433  2,Puff,120.0,1.66,199.2,Shipper,,,84022930433,connor_built_upc,,True,False,False,False,False,connor_item_assumptions_2026-07-22,56570.0,MER0033,"Countertop PUFF Display 4x12 48ct (24 Coconut Puff, 24  Brownie Batter Puff)",840229304332,48,"Countertop PUFF Display 4x12 48ct (24 Coconut Puff, 24  Brownie Batter Puff)",Assembly,3,2,Core,F,,,,,2026-10-09
101.0,MER0049,"DRC 14ct display ready tray (7 brownie batter 4ct, 7 Cookie Dough 4ct) - Aldi",840229306619,Puff,56.0,1.4225,79.66000000000001,ALDI Display Ready Case,,,84022930661,connor_built_upc,,True,False,False,False,False,connor_item_assumptions_2026-07-22,112116.0,MER0049,"PDQ 14ct Display Ready Tray (7 BB 4ct, 7 CD 4ct)",840229306619,56,"PDQ 14ct Display Ready Tray (7 BB 4ct, 7 CD 4ct)",Assembly,3,1,Promo,F,,,,,2026-10-09
96.0,PFA0188,Lemon Meringue Pie Puff 4CT,8 40229 30678 7,Puff,4.0,1.66,6.64,,08-40229-30678,Built Puff Lemon Meringue Pie Puff 1.41 Oz (4 Pk),84022930678,connor_spins_upc,,False,False,False,False,False,connor_item_assumptions_2026-07-22,107702.0,PFA0188,Lemon Meringue Pie Puff 4 Bar Box,840229306787,4,BYOB Lemon Meringue Pie Puff 4 Bar Box,Assembly,3,1,Promo,F,08-40229-30678,Built Puff Lemon Meringue Pie Puff 1.41 Oz (4 Pk),4,Puff,2026-10-09
95.0,PFA0369,Pink Lemonade Sour Puff 4CT,8 40229 30680 0,Sour Puff,4.0,1.66,6.64,,08-40229-30680,Built Protein Bar Sour Puff Pink Lemonade Squeeze 1.45 Oz (4pk),84022930680,connor_spins_upc,,False,False,False,False,False,connor_item_assumptions_2026-07-22,,,,,,,,,,,,08-40229-30680,Built Protein Bar Sour Puff Pink Lemonade Squeeze 1.45 Oz (4pk),4,Bar,2026-10-09
94.0,PFA0366,BUILT Puff Peanut Butter Cup 4ct- FRENCH,8 40229 30677 0,Puff,4.0,1.47,5.88,True North Nutrition Exclusive,,,84022930677,connor_built_upc,True North Nutrition,False,False,False,False,False,connor_item_assumptions_2026-07-22,,,,,,,,,,,,,,,,2026-10-09
93.0,PFA0359,BUILT Puff WC Cookies N' Cream 4ct- FRENCH,8 40229 30621 3,Puff,4.0,1.47,5.88,True North Nutrition Exclusive,,,84022930621,connor_built_upc,True North Nutrition,False,False,False,False,False,connor_item_assumptions_2026-07-22,,,,,,,,,,,,,,,,2026-10-09
92.0,PFA0358,BUILT Puff Salted Caramel 4ct- FRENCH,8 40229 30619 0,Puff,4.0,1.47,5.88,True North Nutrition Exclusive,,,84022930619,connor_built_upc,True North Nutrition,False,False,False,False,False,connor_item_assumptions_2026-07-22,105089.0,PFA0358,Salted Caramel Puff - French 4 Bar Box,840229306190,4,Salted Caramel Puff - French 4 Bar Box,Assembly,3,2,Core,F,,,,,2026-10-09
91.0,CHA0346,BUILT Puff Cookie Dough Chunk 4ct- FRENCH,8 40229 30606 0,Chunk Puff,4.0,1.47,5.88,True North Nutrition Exclusive,,,84022930606,connor_built_upc,True North Nutrition,False,False,False,False,False,connor_item_assumptions_2026-07-22,96548.0,CHA0346,Cookie Dough Chunk Puff - French 4 Bar Box,840229306060,4,Cookie Dough Chunk Puff - French 4 Bar Box,Assembly,7,2,Core,F,,,,,2026-10-09
90.0,PFA0351,BUILT Puff Brownie Batter 4ct- FRENCH,8 40229 30613 8,Puff,4.0,1.47,5.88,True North Nutrition Exclusive,,,84022930613,connor_built_upc,True North Nutrition,False,False,False,False,False,connor_item_assumptions_2026-07-22,103081.0,PFA0351,Brownie Batter Puff - French 4 Bar Box,840229306138,4,Brownie Batter Puff - French 4 Bar Box,Assembly,3,2,Core,F,,,,,2026-10-09
89.0,PFA0350,BUILT Puff Coconut 4ct- FRENCH,8 40229 30612 1,Puff,4.0,1.47,5.88,True North Nutrition Exclusive,,,84022930612,connor_built_upc,True North Nutrition,False,False,False,False,False,connor_item_assumptions_2026-07-22,103181.0,PFA0350,Coconut Puff - French 4 Bar Box,840229306121,4,Coconut Puff - French 4 Bar Box,Assembly,3,2,Core,F,,,,,2026-10-09
85.0,PFB0366,BUILT Puff Peanut Butter Cup- FRENCH,8 40229 30665 7,Puff,1.0,1.5,1.5,True North Nutrition Exclusive,,,84022930665,connor_built_upc,True North Nutrition,False,False,False,False,False,connor_item_assumptions_2026-07-22,,,,,,,,,,,,,,,,2026-10-09
83.0,PFB0359,BUILT Puff WC Cookies 'N Cream- FRENCH,8 40229 30620 6,Puff,1.0,1.5,1.5,True North Nutrition Exclusive,,,84022930620,connor_built_upc,True North Nutrition,False,False,False,False,False,connor_item_assumptions_2026-07-22,105187.0,PFB0359,Cookies N Cream Puff - French 12 Bar Box,840229306206,12,Cookies N Cream Puff - French 12 Bar Box,Assembly,3,2,Core,F,,,,,2026-10-09
82.0,PFB0358,BUILT Puff Salted Caramel- FRENCH,8 40229 30618 3,Puff,1.0,1.5,1.5,True North Nutrition Exclusive,,,84022930618,connor_built_upc,True North Nutrition,False,False,False,False,False,connor_item_assumptions_2026-07-22,105087.0,PFB0358,Salted Caramel Puff - French 12 Bar Box,840229306183,12,Salted Caramel Puff - French 12 Bar Box,Assembly,3,2,Core,F,,,,,2026-10-09
81.0,CHB0346,BUILT Puff Cookie Dough Chunk - FRENCH,8 40229 30587 2,Chunk Puff,1.0,1.5,1.5,True North Nutrition Exclusive,,,84022930587,connor_built_upc,True North Nutrition,False,False,False,False,False,connor_item_assumptions_2026-07-22,96546.0,CHB0346,Cookie Dough Chunk Puff - French 12 Bar Box,840229305872,12,Cookie Dough Chunk Puff - French 12 Bar Box,Assembly,7,2,Core,F,,,,,2026-10-09
80.0,PFB0345,BUILT Puff Mint Chip - FRENCH,8 40229 30586 5,Puff,1.0,1.5,1.5,True North Nutrition Exclusive,,,84022930586,connor_built_upc,True North Nutrition,False,False,False,False,False,connor_item_assumptions_2026-07-22,96344.0,11000345,Mint Chip Puff - French,840229305865,1,Mint Chip Puff - French,Assembly,3,2,Core,F,,,,,2026-10-09
79.0,PFB0351,BUILT Puff Brownie Batter - FRENCH,8 40229 30413 4,Puff,1.0,1.5,1.5,True North Nutrition Exclusive,,,84022930413,connor_built_upc,True North Nutrition,False,False,False,False,False,connor_item_assumptions_2026-07-22,107808.0,PFB0351,Brownie Batter Puff - French 12 Bar Box,840229304134,12,Brownie Batter Puff - French 12 Bar Box,Assembly,3,2,Core,F,08-40229-30413,Built Bar Puff Brownie Batter 1.41 Oz,,Bar,2026-10-09
120.0,MER0074,"48CT Countertop Shipper Evergreen (24 Brownie Batter, 24 Peanut Butter Cup ) ",8 40229 30705 0 ,Puff,48.0,1.72,82.56,Shipper,,,84022930705,connor_built_upc,,True,False,False,False,False,connor_item_assumptions_2026-07-22,120748.0,MER0074,"48CT CNTP Ship Evergn 24Brownie Batter,24 Peanut Butter Cup",840229307050,48,"48CT CNTP Ship Evergn 24Brownie Batter,24 Peanut Butter Cup",Assembly,3,2,Core,F,,,,,2026-10-09
121.0,MER0079,"48CT Floor Skinny Shipper Sour (24CT Sweet Peach Punch,12ct Blue Razz Blast,12CT Green Apple Crush)",8 40229 30714 2,Sour Puff,48.0,1.72,82.56,Shipper,,,84022930714,connor_built_upc,,True,False,False,False,False,connor_item_assumptions_2026-07-22,124656.0,MER0079,"48CTSkinnyFlShipSPuffSwtPchPch,BlRazBlst,GrAplCrsh",840229307142,48,"48CTSkinnyFlShipSPuffSwtPchPch,BlRazBlst,GrAplCrsh",Assembly,3,2,Core,F,,,,,2026-10-09
122.0,MER0075,"30CT Power Wing Shipper Summer (10 Rocky Road, 10 Orange Cream Pop, 10 Mint Chip)",8 40229 30698 5,Puff,120.0,1.66,199.2,Shipper,,,84022930698,connor_built_upc,,True,False,False,False,False,connor_item_assumptions_2026-07-22,120749.0,MER0075,"30CT P.Wing ShipSu 10RockRd,10OrgCrmPop,10MntChip",840229306985,120,"30CT P.Wing ShipSu 10RockRd,10OrgCrmPop,10MntChip",Assembly,3,1,Promo,F,,,,,2026-10-09
141.0,PFB0188,Lemon Meringue Puff,840229304844,Puff,1.0,1.72,1.72,,NOT SCANNING YET,NOT SCANNING YET,84022930484,connor_built_upc,,False,False,False,False,False,connor_item_assumptions_2026-07-22,32819.0,PFB0188,Lemon Meringue Pie Puff 12 Bar Box,840229304844,12,Lemon Meringue Pie Puff 12 Bar Box,Assembly,3,1,Promo,F,08-40229-30484,Built Puff Lemon Meringue Pie Puff 1.41 Oz,,Puff,2026-10-09
160.0,MER0087,48CT Countertop Shipper - Watermelon Splash Sour,840229308217,Sour Puff,72.0,1.72,123.84,Shipper,,,84022930821,connor_built_upc,,True,False,False,False,False,connor_item_assumptions_2026-07-22,141928.0,MER0087,"48CT-CNTP24BlueRazz,24Watermelon",840229308217,48,"48CT-CNTP24BlueRazz,24Watermelon",Assembly,3,1,Promo,F,,,,,2026-10-09
159.0,MER0086,72CT Floor Shipper - Watermelon Splash Sour,840229308194,Sour Puff,72.0,1.72,123.84,Shipper,,,84022930819,connor_built_upc,,True,False,False,False,False,connor_item_assumptions_2026-07-22,141828.0,MER0086,"72CTFL.ShipEvergrn 24Peach,24Blue,24Watermelon",840229308194,72,"72CTFL.ShipEvergrn 24Peach,24Blue,24Watermelon",Assembly,3,1,Promo,F,,,,,2026-10-09
157.0,MER0084,"30CT Power Wing Shipper (10 Mint Chip, 10 Strawberries N' cream, 10 Brownie Batter ) 4CT",840229308088,Puff,120.0,1.66,199.2,Shipper,,,84022930808,connor_built_upc,,True,False,False,False,False,connor_item_assumptions_2026-07-22,,,,,,,,,,,,,,,,2026-10-09
156.0,MBD0007,13ct Mixed Puff Box (7 Cookies N' Cream Puff + 6 Coconut Puff),840229308026,Puff,13.0,1.2761538461538462,16.59,Sam's Club Exclusive,NOT SCANNING YET,NOT SCANNING YET,84022930802,connor_built_upc,Sam's Club,False,False,False,False,False,connor_item_assumptions_2026-07-22,,,,,,,,,,,,,,,,2026-10-09
155.0,MBD0016,13ct Mixed Puff Box (7 Candy Cane Brownie Puff + 6 Chocolatey Hazelnut Puff),840229307777,Puff,13.0,1.2761538461538462,16.59,Sam's Club Exclusive,NOT SCANNING YET,NOT SCANNING YET,84022930777,connor_built_upc,Sam's Club,False,False,False,False,False,connor_item_assumptions_2026-07-22,,,,,,,,,,,,,,,,2026-10-09
153.0,PAL0015,"14 Count Carton: Mixed Puff - 7 Peanut Butter Puff Cup, 7 Brownie Batter Puff V7",840229304875,Puff,14.0,1.2385714285714287,17.34,Costco Exclusive,,,84022930487,connor_built_upc,Costco,False,False,False,False,False,connor_item_assumptions_2026-07-22,,,,,,,,,,,,,,,,2026-10-09
151.0,PFA0307,Pumpkin Chunk Puff 4CT,840229307838,Chunk Puff,4.0,1.66,6.64,,NOT SCANNING YET,NOT SCANNING YET,84022930783,connor_built_upc,,False,False,False,False,False,connor_item_assumptions_2026-07-22,73906.0,PFA0307,Pumpkin Cookie Puff Chunk 4 Bar Box,840229307838,4,BYOB Pumpkin Cookie Puff Chunk 4 Bar Box,Assembly,3,1,Promo,F,,,,,2026-10-09
150.0,PFA0361,Chocolaty Hazelnut Puff 4ct,840229306763,Puff,4.0,1.66,6.64,,NOT SCANNING YET,NOT SCANNING YET,84022930676,connor_built_upc,,False,False,False,False,False,connor_item_assumptions_2026-07-22,105390.0,PFA0361,Chocolatey Hazelnut Puff 4 Bar Box,840229306763,4,BYOB Chocolatey Hazelnut Puff 4 Bar Box,Assembly,3,1,Promo,F,,,,,2026-10-09
149.0,PFA0240,Candy Cane Brownie Puff 4ct,840229306756,Puff,4.0,1.66,6.64,,NOT SCANNING YET,NOT SCANNING YET,84022930675,connor_built_upc,,False,False,False,False,False,connor_item_assumptions_2026-07-22,103983.0,PFA0240,Candy Cane Brownie Puff 4 Bar Box,840229306756,4,BYOB Candy Cane Brownie Puff 4 Bar Box,Assembly,3,1,Promo,F,,,,,2026-10-09
146.0,MER0063,"48CT Countertop Shipper Holiday (24 Candy Cane Brownie, 24 Chocolatey Hazelnut)",840229306572,Puff,48.0,1.72,82.56,Shipper,,,84022930657,connor_built_upc,,True,False,False,False,False,connor_item_assumptions_2026-07-22,,,,,,,,,,,,,,,,2026-10-09
145.0,MER0052,30CT Power Wing Shipper Evergreen (15 Peanut Butter Cup 4ct and 15 Strawberries N' Cream 4ct),840229306701,Puff,120.0,1.66,199.2,Shipper,,,84022930670,connor_built_upc,,True,False,False,False,False,connor_item_assumptions_2026-07-22,,,,,,,,,,,,,,,,2026-10-09
143.0,CHB0342,Peanut Butter S'mores Chunk Puff,840229307715,Chunk Puff,1.0,1.72,1.72,,NOT SCANNING YET,NOT SCANNING YET,84022930771,connor_built_upc,,False,False,False,False,False,connor_item_assumptions_2026-07-22,,,,,,,,,,,,08-40229-30771,Built Puff Peanut Butter Smores Chunk Protein Bar 1.55 Oz,,Puff,2026-10-09
142.0,PFB0369,Pink Lemonade Squeeze Sour Puff ,840229306794,Sour Puff,1.0,1.72,1.72,,NOT SCANNING YET,NOT SCANNING YET,84022930679,connor_built_upc,,False,False,False,False,False,connor_item_assumptions_2026-07-22,,,,,,,,,,,,08-40229-30679,Built Sour Puff Protein Bar Pink Lemonade Squeeze 1.45 Oz,,Sour Puff,2026-10-09
140.0,PFB0373,Watermelon Splash Sour Puff  ,840229307388,Sour Puff,1.0,1.72,1.72,,NOT SCANNING YET,NOT SCANNING YET,84022930738,connor_built_upc,,False,False,False,False,False,connor_item_assumptions_2026-07-22,125357.0,11000373,Watermelon Splash Puff,840229307388,1,Watermelon Splash Puff,Assembly,3,1,Promo,F,08-40229-30738,Built Watermelon Splash Sour Puff 1.45 Oz,,Sour Puff,2026-10-09
123.0,MER0081,"30CT Power Wing Shipper Sour (10 Sweet Peach 10 Blue Razz, 10 Green Apple)",8 40229 30716 6,Sour Puff,120.0,1.66,199.2,Shipper,,,84022930716,connor_built_upc,,True,False,False,False,False,connor_item_assumptions_2026-07-22,126065.0,MER0081,30CT PwrWingShipSour 10 SwtPech 10 BluRazz 10GrnApl 4ct,840229307166,120,30CT PwrWingShipSour 10 SwtPech 10 BluRazz 10GrnApl 4ct,Assembly,,2,Core,F,,,,,2026-10-09
139.0,PFB0380,Tropical Mango Burst Puff,840229307517,Puff,1.0,1.72,1.72,,NOT SCANNING YET,NOT SCANNING YET,84022930751,connor_built_upc,,False,False,False,False,False,connor_item_assumptions_2026-07-22,,,,,,,,,,,,08-40229-30751,Built Sour Puff Tropical Mango Burst Protein Bar 1.45 Oz,,Sour Puff,2026-10-09
138.0,CHB0362,Mocha Chunk Puff,840229306350,Chunk Puff,1.0,1.72,1.72,,NOT SCANNING YET,NOT SCANNING YET,84022930635,connor_built_upc,,False,False,False,False,False,connor_item_assumptions_2026-07-22,,,,,,,,,,,,08-40229-30635,Built Mocha Chunk Puff- Protein Bar 1.55 Oz,,Chunk,2026-10-09
137.0,PFB0307,Pumpkin Chunk Puff,840229305100,Chunk Puff,1.0,1.72,1.72,,NOT SCANNING YET,NOT SCANNING YET,84022930510,connor_built_upc,,False,False,False,False,False,connor_item_assumptions_2026-07-22,73902.0,11000307,Pumpkin Cookie Puff Chunk ,840229305100,1,Pumpkin Cookie Puff Chunk,Assembly,3,1,Promo,F,08-40229-30510,Built Puff Pumpkin Cookie Chunk 1.52 Oz,,Puff,2026-10-09
136.0,PFB0315,Rocky Road Puff,840229305377,Puff,1.0,1.72,1.72,,NOT SCANNING YET,NOT SCANNING YET,84022930537,connor_built_upc,,False,False,False,False,False,connor_item_assumptions_2026-07-22,78728.0,PFB0315,Rocky Road Puff 12 Bar Box,840229305377,12,Rocky Road Puff 12 Bar Box,Assembly,3,1,Promo,F,08-40229-30537,Built Puff Rocky Road Protein Bar 1.41 Oz,,Puff,2026-10-09
135.0,PFB0226,Orange Cream Pop,840229302840,Puff,1.0,1.72,1.72,,NOT SCANNING YET,NOT SCANNING YET,84022930284,connor_built_upc,,False,False,False,False,False,connor_item_assumptions_2026-07-22,45731.0,PFB0226,Orange Cream Pop Puff 12 Bar Box,840229302840,12,Orange Cream Pop Puff 12 Bar Box,Assembly,3,1,Promo,F,08-40229-30284,Built Puff Orange Dreamsicle Bar 1.41 Oz,,Puff,2026-10-09
133.0,PFA0386,Target Exclusive 4ct (Cinnamon Milk Cereal),840229307654,Puff,4.0,1.66,6.64,Target Exclusive,08-40229-30765,Built Puff Cinnamon Cereal Milk Protein Bars1.45 Oz (4 Pk),84022930765,connor_spins_upc,Target,False,False,False,False,False,connor_item_assumptions_2026-07-22,,,,,,,,,,,,08-40229-30765,Built Puff Cinnamon Cereal Milk Protein Bars1.45 Oz (4 Pk),4,Puff,2026-10-09
132.0,MER0082,"30-4CT PDQ Display Ready Tray Evergreen Sour (10 Pink Lemonade, 10 S. Peach, 5 B. Razz, 5 G. Apple)",8 40229 30744 9,Sour Puff,120.0,1.66,199.2,Shipper,,,84022930744,connor_built_upc,,True,False,False,False,False,connor_item_assumptions_2026-07-22,129277.0,MER0082,Walmart PDQ Sour Puff Variety 4-Flavor,840229307449,120,Walmart PDQ Sour Puff Variety 4-Flavor,Assembly,3,2,Core,F,,,,,2026-10-09
131.0,PAL0013,"14 Count Carton: Mixed Puff - 7 Cookies N' Cream Puff, 7 Strawberries N Cream Puff V7 (French Version)",840229307593,Puff,14.0,1.3071428571428572,18.3,Costco Canada Exclusive,,,84022930759,connor_built_upc,Costco Canada,False,False,False,False,False,connor_item_assumptions_2026-07-22,131087.0,PAL0013,14ct Mixed Puff- 7 CNC 7 SNC Puff (French Version),840229307593,7350,14ct Mixed Puff- 7 CNC 7 SNC Puff (French Version),Assembly,3,2,Core,F,,,,,2026-10-09
128.0,MBD0015,Mixed Puff Box (7 Blue Razz Blast Sour Puff + 6 Green Apple Crush Sour Puff),840229307661,Sour Puff,13.0,1.356923076923077,17.64,BJ's Exclusive,NOT SCANNING YET,NOT SCANNING YET,84022930766,connor_built_upc,BJ's,False,False,False,False,False,connor_item_assumptions_2026-07-22,,,,,,,,,,,,08-40229-30766,Built Sour Blue Razz Blast & Green Apple Crush 1.45 Oz (13 Pk),13,,2026-10-09
127.0,MBD0011,Mixed Puff Box (7 Cookies N Cream Puff + 6 Cookie Dough Puff),840229307340,Puff,13.0,1.356923076923077,17.64,BJ's Exclusive,08-40229-30734,Built Puff Cookies N Cream & Cookie Dough Chunk Protein Bars 19.2 Oz,84022930734,connor_spins_upc,BJ's,False,False,False,False,False,connor_item_assumptions_2026-07-22,,,,,,,,,,,,08-40229-30734,Built Puff Cookies N Cream & Cookie Dough Chunk Protein Bars 19.2 Oz,,Puff,2026-10-09
126.0,PAL0010,14 Count Carton: Mixed Puff- 7 Cookies N'  Cream Puff + 7 Peanut Butter Cup Puff V7,8 40229 30719 7,Puff,14.0,1.2385714285714287,17.34,Costco Exclusive,,,84022930719,connor_built_upc,Costco,False,False,False,False,False,connor_item_assumptions_2026-07-22,,,,,,,,,,,,,,,,2026-10-09
125.0,PAL0011,"14 Count Carton: Mixed Puff - 7 Blue Razz Blast Sour Puff, 7 Sweet Peach Sour Puff (French Version)",8 40229 30730 2,Sour Puff,14.0,1.3071428571428572,18.3,Costco Canada Exclusive,,,84022930730,connor_built_upc,Costco Canada,False,False,False,False,False,connor_item_assumptions_2026-07-22,,,,,,,,,,,,,,,,2026-10-09
124.0,MER0076,"30CT Power Wing Shipper Evergreen (10 Brownie Batter, 10 Cookie Dough Chunk, 10 Peanut Butter Cup)",8 40229 30703 6,Puff,120.0,1.66,199.2,Shipper,,,84022930703,connor_built_upc,,True,False,False,False,False,connor_item_assumptions_2026-07-22,120846.0,MER0076,"30CTPWing ShipEvergrn10BrownBat,10CookDouCk,10PBCup",840229307036,120,"30CTPWing ShipEvergrn10BrownBat,10CookDouCk,10PBCup",Assembly,3,2,Core,F,,,,,2026-10-09
78.0,PFB0215,BUILT Puff Churro- FRENCH,8 40229 30319 9,Puff,1.0,1.5,1.5,True North Nutrition Exclusive,,,84022930319,connor_built_upc,True North Nutrition,False,False,False,False,False,connor_item_assumptions_2026-07-22,41526.0,PFB0215,Churro Puff 12 Bar Box - French V7,840229303199,12,Churro Puff 12 Bar Box - French V7,Assembly,3,1,Promo,F,,,,,2026-10-09
161.0,MER0088,30CT Power Wing Shipper - Watermelon Splash Sour,840229308200,Sour Puff,120.0,1.66,199.2,Shipper,,,84022930820,connor_built_upc,,True,False,False,False,False,connor_item_assumptions_2026-07-22,141929.0,MER0088,"30CTPWing10BR,10SP,10WP",840229308200,120,"30CTPWing10BR,10SP,10WP",Assembly,3,1,Promo,F,,,,,2026-10-09
2.0,BRB0023,BUILT Bar Salted Caramel,8 40229 30119 5,Bar,1.0,1.72,1.72,,08-40229-30119,Built Salted Crml Bar 2 Oz,84022930119,connor_spins_upc,,False,False,False,False,False,connor_item_assumptions_2026-07-22,,,,,,,,,,,,08-40229-30119,Built Salted Caramel Bar 1.69oz,,Bar,2026-10-09
17.0,PFB0034,BUILT Puff Candy Cane Brownie - Pre Book Only,8 40229 30394 6,Puff,1.0,1.72,1.72,,08-40229-30394,Built Bar Candy Cane Brownie Bar 1.51 Oz,84022930394,connor_spins_upc,,False,False,False,False,False,connor_item_assumptions_2026-07-22,52540.0,PFB0240,Candy Cane Brownie Puff 12 Bar Box,840229303946,12,Candy Cane Brownie Puff 12 Bar Box,Assembly,3,1,Promo,F,08-40229-30394,Built Puff Candy Cane Brownie Protein Bar 1.51 Oz,,Puff,2026-10-09
34.0,PFB0353,Brownie Batter Puff BITES 8CT,8 40229 30603 9,Puff,8.0,0.69625,5.57,,,,84022930603,connor_built_upc,,False,False,False,False,False,connor_item_assumptions_2026-07-22,,,,,,,,,,,,,,,,2026-10-09
73.0,MBD0008,Mixed Puff Box (7 Brownie Batter Puff + 6 Salted Caramel Puff),8 40229 30663 3,Puff,13.0,1.356923076923077,17.64,BJ's Exclusive,08-40229-30663,Built Puff Variety Pack Protein Bar 18.3 Oz,84022930663,connor_spins_upc,BJ's,False,False,False,False,False,connor_item_assumptions_2026-07-22,111314.0,MBD0008,BJ's Wholesale Mixed Puff Box (7 Brownie Batter Puff + 6 Salted Caramel Puff),840229306633,13,BJ's Wholesale Mixed Puff Box (7 Brownie Batter Puff + 6 Salted Caramel Puff),Assembly,3,2,Core,F,08-40229-30663,Built Puff Variety Pack Protein Bar 18.3 Oz,,Puff,2026-10-09
32.0,PFA0255,BUILT Puff Mint Chip 4ct,8 40229 30571 1,Puff,4.0,1.66,6.64,,08-40229-30571,Built Bar Mint Chip Puff 4ct,84022930571,connor_spins_upc,,False,False,False,False,False,connor_item_assumptions_2026-07-22,83837.0,PFA0255,Mint Chip 4 Bar Box - Retail,840229305711,4,BYOB Mint Chip Puff 4 Bar Box - Retail,Assembly,3,2,Core,F,08-40229-30571,Built Puff Mint Chip Protein Bar 1.41 Oz (4 Pk),4,Puff,2026-10-09
31.0,PFA0327,BUILT Puff WC Cookies 'N Cream 4ct,8 40229 30581 0,Puff,4.0,1.66,6.64,,08-40229-30581,Built Bar Cookies & Cream Puff 4 Ct,84022930581,connor_spins_upc,,False,False,False,False,False,connor_item_assumptions_2026-07-22,82640.0,PFA0327,Cookies N Cream Puff 4 Bar Box - Retail,840229305810,4,BYOB Cookies N Cream Puff 4 Bar Box - Retail,Assembly,3,2,Core,F,08-40229-30581,Built Puff Cookies N Cream Protein Bar 1.41 Oz (4 Pk),4,Puff,2026-10-09
30.0,PFA0295,BUILT Puff Salted Caramel 4ct,8 40229 30577 3,Puff,4.0,1.66,6.64,,08-40229-30577,Built Bar Salted Caramel Puff 1.41oz (4pk),84022930577,connor_spins_upc,,False,False,False,False,False,connor_item_assumptions_2026-07-22,69295.0,PFA0295,Salted Caramel Puff 4 Bar Box - Retail,840229305773,4,BYOB Salted Caramel Puff 4 Bar Box - Retail,Assembly,3,2,Core,F,08-40229-30577,Built Puff Salted Caramel Protein Bar 1.41 Oz (4 Pk),4,Puff,2026-10-09
29.0,PFA0256,BUILT Puff Peanut Butter 4 ct,8 40229 30627 5,Puff,4.0,1.66,6.64,Discontinued,,,84022930627,connor_built_upc,,False,False,True,False,False,connor_item_assumptions_2026-07-22,,,,,,,,,,,,,,,,2026-10-09
28.0,PAL0004,"14 Count Carton: Mixed Puff - 7 Coconut Puff, 7 Brownie Batter Puff V7",840229305933,Puff,14.0,1.2385714285714287,17.34,Costco Exclusive,,,84022930593,connor_built_upc,Costco,False,False,False,False,False,connor_item_assumptions_2026-07-22,,,,,,,,,,,,08-40229-30593,Built Puff Protein Coconut & Brownie Batter 1.41 Oz (14 Ct),14,Puff,2026-10-09
27.0,MBD0006,Mixed Puff Box (7 Brownie Batter Puff + 6 Cookie Dough Chunk Puff) ,840229305469,Puff,13.0,1.2761538461538462,16.59,Inner Caddy UPC -->,08-40229-30546,Built Bar Mixed Box Protein Bars 13 Ct,84022930546,connor_spins_upc,,False,True,False,False,False,connor_item_assumptions_2026-07-22,84738.0,MBD0006,Sam's Mixed Puff Box 13 Bar Box,840229305469,13,Sam's Mixed Puff Box 13 Bar Box,Assembly,9,2,Core,F,08-40229-30546,Built Puff Protein Bar Variety Pack 1.48 Oz (13 Pk),13,Puff,2026-10-09
24.0,PFB0334,BUILT Puff Strawberries n' Cream -  Pre Book Only,8 40229 30573 5,Puff,1.0,1.72,1.72,,08-40229-30573,Built Bar Strawberry Milk Chocolate Protein Puffs 1.41 Oz,84022930573,connor_spins_upc,,False,False,False,False,False,connor_item_assumptions_2026-07-22,89618.0,PFB0334,Strawberries 'N Cream Puff 12 Bar Box,840229305735,12,Strawberries 'N Cream Puff 12 Bar Box,Assembly,3,2,Core,F,08-40229-30573,Built Puff Strawberries N Cream Protein Bar 1.41 Oz,,Puff,2026-10-09
21.0,BRB0255,BUILT Puff Mint Chip ,8 40229 30432 5,Puff,1.0,1.72,1.72,,08-40229-30432,Built Bar Puff Mint Brownie 1.41 Oz,84022930432,connor_spins_upc,,False,False,False,False,False,connor_item_assumptions_2026-07-22,59828.0,BRB0255,Mint Chip Puff 12 Count Box,840229304325,12,Mint Chip Puff 12 Count Box,Assembly,3,2,Core,F,08-40229-30432,Built Puff Mint Chip Protein Bar 1.41 Oz,,Puff,2026-10-09
20.0,PFB0327,BUILT Puff WC Cookies 'N Cream,8 40229 30550 6,Puff,1.0,1.72,1.72,,08-40229-30550,Built Bar Puff Bar Cookies N Cream 1.41 Oz,84022930550,connor_spins_upc,,False,False,False,False,False,connor_item_assumptions_2026-07-22,82638.0,PFB0327,Cookies N Cream Puff 12 Bar Box,840229305506,12,Cookies N Cream Puff 12 Bar Box,Assembly,3,2,Core,F,08-40229-30550,Built Puff Cookies N Cream Protein Bar 1.41 Oz,,Puff,2026-10-09
18.0,PFG0001,BUIlT Puff Coconut  4ct,8 40229 30381 6,Puff,4.0,1.66,6.64,,08-40229-30381,Built Bar Puffs Coconut Bar 1.41 Oz (4 Pk),84022930381,connor_spins_upc,,False,False,False,False,False,connor_item_assumptions_2026-07-22,85938.0,PFA0249,Coconut Puff 4 Bar Box,840229303816,4,BYOB Coconut Puff 4 Bar Box,Assembly,3,2,Core,F,08-40229-30381,Built Puff Coconut Protein Bar 1.41 Oz (4 Pk),4,Puff,2026-10-09
15.0,BRG0253,BUILT Puff Brownie Batter 4ct,8 40229 30380 9,Puff,4.0,1.66,6.64,,08-40229-30380,Built Bar Brownie Batter Puff 1.41 Oz (4 Pk),84022930380,connor_spins_upc,,False,False,False,False,False,connor_item_assumptions_2026-07-22,56575.0,BRG0253,Brownie Batter Puff 4 Bar Box - Retail,840229303809,4,BYOB Brownie Batter Puff 4 Bar Box - Retail,Assembly,3,2,Core,F,08-40229-30380,Built Puff Brownie Batter Protein Bar 1.41 Oz (4 Pk),4,Puff,2026-10-09
36.0,PFB0355,Mint Chip Puff BITES 8CT,8 40229 30605 3,Puff,8.0,0.69625,5.57,,,,84022930605,connor_built_upc,,False,False,False,False,False,connor_item_assumptions_2026-07-22,,,,,,,,,,,,,,,,2026-10-09
14.0,PFA0218,BUILT Puff Cookie Dough Chunk 4ct,8 40229 30558 2,Chunk Puff,4.0,1.66,6.64,,08-40229-30558,Built Bar Chc Cookie Dough Puff 1.55oz(4pk),84022930558,connor_spins_upc,,False,False,False,False,False,connor_item_assumptions_2026-07-22,45528.0,PFA0218,Cookie Dough Chunk Puff 4 Bar Box - Retail,840229305582,4,BYOB Cookie Dough Chunk Puff 4 Bar Box - Retail,Assembly,7,2,Core,F,08-40229-30558,Built Puff Cookie Dough Chunk Protein Bar 1.55 Oz (4 Pk),4,Puff,2026-10-09
13.0,BRG0002,"BUILT Bar Double Chocolate Fudge 4ct (Do not sell, to be discontinued 2025)",8 402293 0378 6,Bar,4.0,1.66,6.64,,08-40229-30378,Built Bar Chocolate Bar 2.1 Oz (4 Pk),84022930378,connor_spins_upc,,False,False,True,False,False,connor_item_assumptions_2026-07-22,,,,,,,,,,,,08-40229-30378,Built Double Chocolate Bar 1.84oz (4pk),4,Bar,2026-10-09
12.0,BRB0019,BUILT Bar Double Chocolate Fudge,8 40229 30071 6,Bar,1.0,1.72,1.72,,08-40229-30071,Built Bar Double Chocolate Bar 1.87 Oz,84022930071,connor_spins_upc,,False,False,False,False,False,connor_item_assumptions_2026-07-22,,,,,,,,,,,,08-40229-30071,Built Double Chocolate Fudge Bar 1.69oz,,Bar,2026-10-09
11.0,BRG0001,"BUILT Bar Cookies N'Cream 4ct (Do not sell, to be discontinued 2025)",8 402293 0376 2,Bar,4.0,1.66,6.64,,08-40229-30376,Built Bar Cookie & Cream Bar 1.69 Oz (4 Pk),84022930376,connor_spins_upc,,False,False,True,False,False,connor_item_assumptions_2026-07-22,,,,,,,,,,,,08-40229-30376,Built Cookies & Cream Bar 1.69oz (4pk),4,Bar,2026-10-09
10.0,BRB0028,"BUILT Bar Mint Brownie (Do not sell, to be discontinued 2025)",8 40229 30107 2,Bar,1.0,1.72,1.72,,08-40229-30107,Built Bar Mint Brownie Bar 1.73 Oz,84022930107,connor_spins_upc,,False,False,True,False,False,connor_item_assumptions_2026-07-22,,,,,,,,,,,,08-40229-30107,Built Mint Brownie Bar 1.69oz,,Bar,2026-10-09
9.0,PFB0295,BUILT Puff Salted Caramel,8 40229 30034 1,Puff,1.0,1.72,1.72,,08-40229-30034,Built Bar Puff Salted Caramel 1.41 Oz,84022930034,connor_spins_upc,,False,False,False,False,False,connor_item_assumptions_2026-07-22,69293.0,PFB0295,Salted Caramel Puff 12 Bar Box,840229300341,12,Salted Caramel Puff 12 Bar Box,Assembly,3,2,Core,F,08-40229-30034,Built Puff Salted Caramel Protein Bar 1.41 Oz,,Puff,2026-10-09
8.0,PFB0006,BUILT Puff Churro,8 40229 30050 1,Puff,1.0,1.72,1.72,,08-40229-30050,Built Bar Puff Churro 1.41 Oz,84022930050,connor_spins_upc,,False,False,False,False,False,connor_item_assumptions_2026-07-22,29616.0,PFB0006,Churro Puff 12 Bar Box,840229300501,12,Churro Puff 12 Bar Box,Assembly,3,1,Promo,F,08-40229-30050,Built Puff Churro Protein Bar 1.41 Oz,,Puff,2026-10-09
7.0,PFB0357,BUILT Puff Peanut Butter Puff Cup,8 40229 30642 8,Puff,1.0,1.72,1.72,,08-40229-30642,Built Puff Peanut Butter Protein Bar 1.41 Oz,84022930642,connor_spins_upc,,False,False,False,False,False,connor_item_assumptions_2026-07-22,102682.0,11000357,Peanut Butter Cup Puff,840229306428,1,Peanut Butter Cup Puff,Assembly,3,2,Core,F,08-40229-30642,Built Puff Peanut Butter Protein Bar 1.41 Oz,,Puff,2026-10-09
6.0,PFB0002,BUILT Puff Coconut Puff  ,8 40229 30037 2,Puff,1.0,1.72,1.72,,08-40229-30037,Built Bar Coconut Marshmallow 1.41 Oz,84022930037,connor_spins_upc,,False,False,False,False,False,connor_item_assumptions_2026-07-22,28914.0,PFB0002,Coconut Puff 12 Bar Box,840229300372,12,Coconut Puff 12 Bar Box,Assembly,3,2,Core,F,08-40229-30037,Built Puff Coconut Protein Bar 1.41 Oz,,Puff,2026-10-09
5.0,BRB0175,BUILT Bar Coconut,8 40229 30099 0,Bar,1.0,1.72,1.72,,08-40229-30099,Built Bar Coconut Protein Bar 1.73oz,84022930099,connor_spins_upc,,False,False,False,False,False,connor_item_assumptions_2026-07-22,,,,,,,,,,,,08-40229-30099,Built Coconut Bar 1.69oz,,Bar,2026-10-09
4.0,BRB0229,Built Puff Brownie Batter,8 40229 30362 5,Puff,1.0,1.72,1.72,,08-40229-30362,Built Bar Brownie Batter Protein Puffs 1.4 Oz,84022930362,connor_spins_upc,,False,False,False,False,False,connor_item_assumptions_2026-07-22,,,,,,,,,,,,08-40229-30362,Built Puff Brownie Batter Protein Bar 1.41 Oz,,Puff,2026-10-09
3.0,PFB0218,BUILT Puff Cookie Dough Chunk ,8 40229 30333 5,Chunk Puff,1.0,1.72,1.72,,08-40229-30333,Built Bar Puffs Cookie Dough Chunk Bar,84022930333,connor_spins_upc,,False,False,False,False,False,connor_item_assumptions_2026-07-22,44727.0,PFB0218,Cookie Dough Chunk Puff 12 Bar Box,840229303335,12,Cookie Dough Chunk Puff 12 Bar Box,Assembly,7,2,Core,F,08-40229-30333,Built Puff Cookie Dough Chunk Protein Bar 1.55 Oz,,Puff,2026-10-09
35.0,PFB0354,Coconut Puff BITES 8CT,8 40229 30604 6,Puff,8.0,0.69625,5.57,,,,84022930604,connor_built_upc,,False,False,False,False,False,connor_item_assumptions_2026-07-22,,,,,,,,,,,,,,,,2026-10-09
33.0,PFB0333,BUILT Puff Chocolate Milk Shake  -  Pre Book Only,8 40229 30569 8,Puff,1.0,1.72,1.72,,08-40229-30569,Built Bar Puff Chocolate Milkshake 1.41 Oz,84022930569,connor_spins_upc,,False,False,False,False,False,connor_item_assumptions_2026-07-22,87168.0,PFB0333,Chocolate Milkshake Puff 12 Bar Box,840229305698,12,Chocolate Milkshake Puff 12 Bar Box,Assembly,3,1,Promo,F,08-40229-30569,Built Puff Chocolate Milkshake Protein Bar 1.41 Oz,,Puff,2026-10-09
38.0,PFA0333,Chocolate Milkshake Puff 4CT,8 40229 30610 7,Puff,4.0,1.66,6.64,,,,84022930610,connor_built_upc,,False,False,False,False,False,connor_item_assumptions_2026-07-22,87170.0,PFA0333,Chocolate Milkshake Puff 4 Bar Box,840229306107,4,BYOB Chocolate Milkshake Puff 4 Bar Box,Assembly,3,1,Promo,F,,,,,2026-10-09
39.0,PFA0334,Strawberries N Cream  Puff4CT,8 40229 30614 5,Puff,4.0,1.66,6.64,,08-40229-30614,Built Puff Strawberries N Cream Protein Bars 1.41oz (4pk),84022930614,connor_spins_upc,,False,False,False,False,False,connor_item_assumptions_2026-07-22,89620.0,PFA0334,Strawberries 'N Cream Puff 4 Bar Box - Retail,840229306145,4,BYOB Strawberries 'N Cream Puff 4 Bar Box - Retail,Assembly,3,2,Core,F,08-40229-30614,Built Puff Strawberries N Cream Protein Bars 1.41oz (4pk),4,Puff,2026-10-09
72.0,MER0048,"PDQ 30ct display ready tray (10 Brownie Batter 4ct, 10 Cookie Dough 4ct, 10 PB Cup 4ct)",8 40229 30662 6,Puff,120.0,1.66,199.2,Shipper,,,84022930662,connor_built_upc,,True,False,False,False,False,connor_item_assumptions_2026-07-22,112115.0,MER0048,"PDQ 30ct display ready tray (10 BB 4ct, 10 CD 4ct, 10 PB Cup 4ct)",840229306626,120,"PDQ 30ct Display Ready Tray (10 BB 4ct, 10 CD 4ct, 10 PB Cup 4ct)",Assembly,3,1,Promo,F,,,,,2026-10-09
69.0,PFA0357,BUILT PUff Peanut Butter Cup Puff 4ct,8 40229 30646 6,Puff,4.0,1.66,6.64,,08-40229-30646,Built Puff Peanut Butter Cup Protein Bar 1.41 Oz (4 Pk),84022930646,connor_spins_upc,,False,False,False,False,False,connor_item_assumptions_2026-07-22,129980.0,MINIONS - PFA0357,MINIONS Peanut Butter Cup Puff 4 Bar Box,840229306466,4,MINIONS Peanut Butter Cup Puff 4 Bar Box,Assembly,3,1,Promo,F,08-40229-30646,Built Puff Peanut Butter Cup Protein Bar 1.41 Oz (4 Pk),4,Puff,2026-10-09
68.0,PAL0006,14 Count Carton: Mixed Puff- 7 Cookies N'  Cream Puff + 7 Peanut Butter Cup Puff V7 (French Version),8 40229 30648 0,Puff,14.0,1.3071428571428572,18.3,Costco Canada Exclusive,,,84022930648,connor_built_upc,Costco Canada,False,False,False,False,False,connor_item_assumptions_2026-07-22,,,,,,,,,,,,,,,,2026-10-09
61.0,PFA0363,Green Apple Crush Sour Puff 4CT,8 40229 30656 5,Sour Puff,4.0,1.66,6.64,,08-40229-30656,Built Green Apple Crush Sour Puff 1.45 Oz (4pk),84022930656,connor_spins_upc,,False,False,False,False,False,connor_item_assumptions_2026-07-22,110819.0,PFA0363,Green Apple Crush SP 4ct,840229306565,4,BYOB Green Apple Crush SP 4ct,Assembly,3,2,Core,F,08-40229-30656,Built Green Apple Crush Sour Puff 1.45 Oz (4pk),4,Sour Puff,2026-10-09
60.0,PFA0364,Sweet Peach Punch Sour 4CT,8 40229 30652 7,Sour Puff,4.0,1.66,6.64,,08-40229-30652,Built Sweet Peach Punch Sour Puff 1.45 Oz (4pk),84022930652,connor_spins_upc,,False,False,False,False,False,connor_item_assumptions_2026-07-22,110825.0,PFA0364,Sweet Peach Punch SP 4 Bar Box,840229306527,4,BYOB Sweet Peach Punch SP 4 Bar Box,Assembly,3,2,Core,F,08-40229-30652,Built Sweet Peach Punch Sour Puff 1.45 Oz (4pk),4,Sour Puff,2026-10-09
59.0,PFA0365,Blue Razz Blast Sour Puff 4CT,8 40229 30654 1,Sour Puff,4.0,1.66,6.64,,NOT SCANNING YET,NOT SCANNING YET,84022930654,connor_built_upc,,False,False,False,False,False,connor_item_assumptions_2026-07-22,111020.0,PFA0365,Blue Razz Blast SP 4 Bar Box,840229306541,4,BYOB Blue Razz Blast SP 4 Bar Box,Assembly,3,2,Core,F,08-40229-30654,Built Sweet Sour Puff Blue Raz Blast 1.45 Oz (4pk),4,Sour Puff,2026-10-09
58.0,PFB0363,BUILT PUFF Green Apple Crush Sour Puff ,8 40229 30655 8,Sour Puff,1.0,1.72,1.72,,08-40229-30655,Built Puff Sour Green Apple Crush Bar 1.45 Oz,84022930655,connor_spins_upc,,False,False,False,False,False,connor_item_assumptions_2026-07-22,110817.0,PFB0363,Green Apple Crush Sour Puff 12 Bar Box,840229306558,12,Green Apple Crush SP 12 Bar Box,Assembly,3,2,Core,F,08-40229-30655,Built Puff Sour Green Apple Crush Bar 1.45 Oz,,Puff,2026-10-09
57.0,PFB0364,BUILT PUFF Sweet Peach Punch Sour ,8 40229 30651 0,Sour Puff,1.0,1.72,1.72,,08-40229-30651,Built Protein Bar Puff Sour Peach 1.45 Oz,84022930651,connor_spins_upc,,False,False,False,False,False,connor_item_assumptions_2026-07-22,110823.0,PFB0364,Sweet Peach Punch Sour Puff 12 Bar Box,840229306510,12,Sweet Peach Punch SP 12 CT,Assembly,3,2,Core,F,08-40229-30651,Built Protein Bar Puff Sour Peach 1.45 Oz,,Bar,2026-10-09
56.0,PFB0365,BUILT PUFF Blue Razz Blast Sour Puff ,8 40229 30653 4,Sour Puff,1.0,1.72,1.72,,08-40229-30653,Built Puff Sour Blu Razz Blast Bar 1.45 Oz,84022930653,connor_spins_upc,,False,False,False,False,False,connor_item_assumptions_2026-07-22,111018.0,PFB0365,Blue Razz Blast Sour Puff 12 Bar Box,840229306534,12,Blue Razz Blast SP 12 Bar Box,Assembly,3,2,Core,F,08-40229-30653,Built Puff Sour Blu Razz Blast Bar 1.45 Oz,,Puff,2026-10-09
55.0,PFB0361,Chocolatey Hazelnut,8 40229 30615 2,Puff,1.0,1.72,1.72,,08-40229-30615,Built Puff Chocolatey Hazelnut  1.41oz,84022930615,connor_spins_upc,,False,False,False,False,False,connor_item_assumptions_2026-07-22,105388.0,PFB0361,Chocolatey Hazelnut Puff 12 Bar Box,840229306152,12,Chocolatey Hazelnut Puff 12 Bar Box,Assembly,3,1,Promo,F,08-40229-30615,Built Puff Chocolatey Hazelnut  1.41oz,,Puff,2026-10-09
54.0,PFC0253,BUILT Puff Brownie Batter 8CT ,8 40229 30644 2,Puff,8.0,1.3,10.4,,08-40229-30644,Built Puff Brownie Batter Protein Bar 1.41 Oz (8pk),84022930644,connor_spins_upc,,False,False,False,False,False,connor_item_assumptions_2026-07-22,109410.0,PFC0253,Brownie Batter Puff 8 Bar Box,840229306442,8,Brownie Batter Puff 8 Bar Box,Assembly,3,1,Promo,F,08-40229-30644,Built Puff Brownie Batter Protein Bar 1.41 Oz (8 Pk),8,Puff,2026-10-09
53.0,PFC0001,BUILT Puff Coconut 8CT ,8 40229 30645 9,Puff,8.0,1.3,10.4,,08-40229-30645,Built Puff Coconut Protein Bar 1.41 Oz (8pk),84022930645,connor_spins_upc,,False,False,False,False,False,connor_item_assumptions_2026-07-22,109411.0,PFC0001,Coconut Puff 8 Bar Box,840229306459,8,Coconut Puff 8 Bar Box,Assembly,3,1,Promo,F,08-40229-30645,Built Puff Coconut Protein Bar 1.41 Oz (8 Pk),8,Puff,2026-10-09
52.0,PFB0306,S'mores Chunk Puff,8 40229 30343 4,Chunk Puff,1.0,1.72,1.72,,08-40229-30343,Built Bar Smores Puffs Bar 1.45 Oz,84022930343,connor_spins_upc,,False,False,False,False,False,connor_item_assumptions_2026-07-22,73809.0,PFB0306,S'mores Puff Chunk 12 Bar Box,840229303434,12,S'mores Puff Chunk 12 Bar Box,Assembly,7,1,Promo,F,08-40229-30343,Built Puff Smores Chunk Protein Bar 1.52 Oz,,Puff,2026-10-09
51.0,PFB0005,BUILT Puff Banana Cream Pie -Pre Book Only,8 40229 300532,Puff,1.0,1.72,1.72,,08-40229-30053,Built Puff Banana Cream Pie Protein Bar 1.41 Oz,84022930053,connor_spins_upc,,False,False,False,False,False,connor_item_assumptions_2026-07-22,29815.0,PFB0005,Banana Cream Puff 12 Bar Box,840229300532,12,Banana Cream Puff 12 Bar Box,Assembly,3,1,Promo,F,08-40229-30053,Built Puff Banana Cream Pie Protein Bar 1.41 Oz,,Puff,2026-10-09
50.0,MER0046 ,"Power Wing Four Count 3-Flavor Display (10 Brownie Batter, 10 Coconut Puff, and 10 Cookie Dough Chunk Puff) ",840229306343,Puff,120.0,1.66,199.2,Shipper,,,84022930634,connor_built_upc,,True,False,False,False,False,connor_item_assumptions_2026-07-22,107701.0,MER0046,"Power Wing Four Count Display (10 Cookie Dough, 10 Coconut, 10 Brownie Batter) ",840229306343,120,Power Wing Four Count Display,Assembly,3,1,Promo,F,,,,,2026-10-09
44.0,MER0041,Puff Shipper 72ct (72 Cookie Dough Chunk Puff),20840229303346,Puff,72.0,1.72,123.84,Shipper,,,84022930334,connor_built_upc,,True,False,False,False,False,connor_item_assumptions_2026-07-22,,,,,,,,,,,,08-40229-30334,Built Puff Cookie Dough Chunk Protein Bar 1.55 Oz (12 Pk),12,Puff,2026-10-09
40.0,PAL0005,"14 Count Carton: Mixed Puff - 7 Coconut Puff, 7 Brownie Batter Puff V7 (French Version)",840229305971,Puff,14.0,1.3071428571428572,18.3,Costco Canada Exclusive,,,84022930597,connor_built_upc,Costco Canada,False,False,False,False,False,connor_item_assumptions_2026-07-22,,,,,,,,,,,,,,,,2026-10-09
48.0,MER0044,"4ct Power Wing display w/base 30 units ( 15 Coconut, 15 brownie Batter)",840229305995,Puff,120.0,1.66,199.2,Shipper,,,84022930599,connor_built_upc,,True,False,False,False,False,connor_item_assumptions_2026-07-22,100271.0,MER0044,Power Wing Four Count Display (15 Brownie Batter and 15 Coconut Puff),840229305995,120,Power Wing Four Count Display (15 Brownie Batter and 15 Coconut Puff),Assembly,3,2,Core,F,,,,,2026-10-09
42.0,MER0039,"Puff Shipper 2 flavor 72ct (36 Brownie Batter, 36 Coconut PUFF) ",840229305650,Puff,72.0,1.72,123.84,Shipper,,,84022930565,connor_built_upc,,True,False,False,False,False,connor_item_assumptions_2026-07-22,86439.0,MER0039,"Everyday PUFF Shipper 2 flavors 72ct (36 Brownie Batter, 36 Coconut PUFF)",840229305650,72,"Everyday PUFF Shipper 2 flavors 72ct (36 Brownie Batter, 36 Coconut PUFF)",Assembly,3,2,Core,F,,,,,2026-10-09
47.0,MER0045,"48ct Ice Cream Flavors Shipper (24 Cht Mlk Shke Pf, 12 Mnt Chp Pf, 12 StrawNCrm",840229306077,Puff,48.0,1.72,82.56,Shipper,,,84022930607,connor_built_upc,,True,False,False,False,False,connor_item_assumptions_2026-07-22,,,,,,,,,,,,,,,,2026-10-09
43.0,MER0040,"Puff Shipper 3 Flavor72ct  (24 Cnt Pf, 24 Brwn Bttr Pf, 24 Ck Dgh Chnk Pf)",840229305742,Puff,72.0,1.72,123.84,Shipper,,,84022930574,connor_built_upc,,True,False,False,False,False,connor_item_assumptions_2026-07-22,89614.0,MER0040,"Everyday Puff 3 Flavor Shipper Display 72 ct, CookieDo, Coconut, BrBatter",840229305742,72,Everyday Puff 3 Flavors & Shipper Display 72 ct,Assembly,3,1,Promo,F,,,,,2026-10-09
49.0,TBD-B,"15 Display Ready Case (5 Cookie Dough, 5 Coconut, and 5 Brownie Batter)",840229306244,Puff,60.0,1.66,99.6,Shipper,,,84022930624,connor_built_upc,,True,False,False,False,True,connor_item_assumptions_2026-07-22,,,,,,,,,,,,,,,,2026-10-09
46.0,MER0042,Puff Shipper 72ct (36 Cndy Cne Brwne & 36 Ck Dgh Chnk Pf ) - Pre-book only,840229305803,Puff,72.0,1.72,123.84,Shipper,,,84022930580,connor_built_upc,,True,False,False,False,False,connor_item_assumptions_2026-07-22,,,,,,,,,,,,,,,,2026-10-09
45.0,MER0043,"Puff Shipper 6 Flavor 72ct (12 Cnt Pf, 12 Brwn Bttr Pf, 12 Ck Dgh Chnk Pf, 12 Mnt Chp Pf, 12 Cks'N Crm Pf, 12 Slt Crml Pf)",840229305964,Puff,72.0,1.72,123.84,Shipper,,,84022930596,connor_built_upc,,True,False,False,False,False,connor_item_assumptions_2026-07-22,99569.0,MER0043,Everyday Built Puff 6 Flavor Display,840229305964,72,Everyday Built Puff 6 Flavor Display,Assembly,9,1,Promo,F,,,,,2026-10-09
19.0,BRB0229,Built Puff Brownie Batter (Inner Caddy),8 40229 30362 5,Puff,1.0,1.72,1.72,Inner Caddy UPC -->,08-40229-30363,Built Bar Brownie Batter Bars 1.41oz(12pk),84022930363,connor_spins_upc,,False,True,False,False,False,connor_item_assumptions_2026-07-22,47032.0,BRB0229,Brownie Batter Puff 12 Bar Box ,840229303632,12,Brownie Batter Puff 12 Bar Box,Assembly,3,2,Core,F,08-40229-30363,Built Puff Brownie Batter Protein Bar 1.41 Oz (12 Pk),12,Puff,2026-10-09
26.0,PFB0002,BUILT Puff Coconut Puff (Inner Caddy),8 40229 30037 2,Puff,1.0,1.72,1.72,Inner Caddy UPC -->,08-40229-30209,Built Bar Cocont Puff Bars 1.41oz(12pk),84022930209,connor_spins_upc,,False,True,False,False,False,connor_item_assumptions_2026-07-22,,,,,,,,,,,,08-40229-30209,Built Puff Coconut Protein Bar 1.41 Oz (12 Pk),12,Puff,2026-10-09
25.0,BRB0175,BUILT Bar Coconut (Inner Caddy),8 40229 30099 0,Bar,1.0,1.72,1.72,Inner Caddy UPC -->,08-40229-30253,Built Bar Cocnt Prtn Nrgy Brs 1.73 Oz (12 Pk),84022930253,connor_spins_upc,,False,True,False,False,False,connor_item_assumptions_2026-07-22,,,,,,,,,,,,08-40229-30253,Built Coconut Bar 1.69oz (12pk),12,Bar,2026-10-09
23.0,BRB0060,"BUILT BarCookies 'N Cream (Do not sell, to be discontinued 2025) (Inner Caddy)",8 40229 30130 0,Bar,1.0,1.72,1.72,Inner Caddy UPC -->,08-40229-30257,Built Bar Chocolate Protn Bar 1.73 Oz (12 Pk),84022930257,connor_spins_upc,,False,True,True,False,False,connor_item_assumptions_2026-07-22,,,,,,,,,,,,08-40229-30257,Built Double Chocolate Bar 1.84oz (12pk),12,Bar,2026-10-09
16.0,BRB0023,BUILT Bar Salted Caramel (Inner Caddy),8 40229 30119 5,Bar,1.0,1.72,1.72,Inner Caddy UPC -->,08-40229-30258,Built Bar Salted Caramel Case 1.73 Oz (12 Pk),84022930258,connor_spins_upc,,False,True,False,False,False,connor_item_assumptions_2026-07-22,,,,,,,,,,,,08-40229-30258,Built Salted Caramel Bar 1.69oz (12pk),12,Bar,2026-10-09
1.0,PFB0006,BUILT Puff Churro (Inner Caddy),8 40229 30050 1,Puff,1.0,1.72,1.72,Inner Caddy UPC -->,08-40229-30229,Built Bar Puff Churro Bar 1.41 Oz,84022930229,connor_spins_upc,,False,True,False,False,False,connor_item_assumptions_2026-07-22,,,,,,,,,,,,08-40229-30229,Built Puff Churro Protein Bar 1.41 Oz (12 Pk),12,Puff,2026-10-09
,,,,,,,,,,,84022930294,netsuite_upc,,,,,,,netsuite_itemdim,39724.0,11000201,Birthday Cake Puff,840229302949,1,Birthday Cake Puff,Assembly,3,1,Promo,F,,,,,2026-10-09
,,,,,,,,,,,84022930341,netsuite_upc,,,,,,,netsuite_itemdim,42524.0,11000217,Coconut Brownie Chunk Puff,840229303410,1,Coconut Brownie Chunk Puff,Assembly,7,1,Promo,F,,,,,2026-10-09
,,,,,,,,,,,84022930794,netsuite_upc,,,,,,,netsuite_itemdim,64173.0,11000288,Dracula Cake Puff,840229307944,1,Dracula Cake Puff,Assembly,3,1,Promo,F,,,,,2026-10-09
,,,,,,,,,,,84022930592,netsuite_upc,,,,,,,netsuite_itemdim,124857.0,11000371,Mint Brownie Chunk Puff,840229305926,1,Mint Brownie Chunk Puff,Assembly,7,1,Promo,F,,,,,2026-10-09
,,,,,,,,,,,84022930717,netsuite_upc,,,,,,,netsuite_itemdim,125157.0,11000372,Strawberry Shortcake Chunk Puff,840229307173,1,Strawberry Shortcake Chunk Puff,Assembly,7,1,Promo,F,,,,,2026-10-09
,,,,,,,,,,,84022930787,netsuite_upc,,,,,,,netsuite_itemdim,129480.0,11000378,Peanut Butter Dreamwich,840229307876,1,Peanut Butter Dreamwich,Assembly,3,1,Promo,F,,,,,2026-10-09
,,,,,,,,,,,84022930774,netsuite_upc,,,,,,,netsuite_itemdim,134523.0,11000391,Pina Colada Puff,840229307746,1,Pina Colada Puff,Assembly,3,1,Promo,F,,,,,2026-10-09
,,,,,,,,,,,84022930811,netsuite_upc,,,,,,,netsuite_itemdim,138926.0,11000394,Chocolatey Hazelnut Puff - French,840229308118,1,Chocolatey Hazelnut Puff - French,Assembly,3,1,Promo,F,,,,,2026-10-09
,,,,,,,,,,,84022930745,netsuite_upc,,,,,,,netsuite_itemdim,140928.0,11000395,Caramel Apple Puff,840229307456,1,Caramel Apple Puff,Assembly,3,1,Promo,F,,,,,2026-10-09
,,,,,,,,,,,84022930830,netsuite_upc,,,,,,,netsuite_itemdim,144534.0,11000396,Oatmeal Cream Pie Puff,840229308309,1,Oatmeal Cream Pie Puff,Assembly,3,1,Promo,F,,,,,2026-10-09
,,,,,,,,,,,84022930833,netsuite_upc,,,,,,,netsuite_itemdim,144933.0,11000397,Strawberry PB&J Puff,840229308330,1,Strawberry PB&J Puff,Assembly,3,1,Promo,F,,,,,2026-10-09
,,,,,,,,,,,84022930837,netsuite_upc,,,,,,,netsuite_itemdim,125161.0,CHA0372,Strawberry Shortcake Puff 4 Bar Box,840229308378,4,Chunk Strawberry Shortcake Puff 4 Bar Box,Assembly,7,1,Promo,F,,,,,2026-10-09
,,,,,,,,,,,84022930561,netsuite_upc,,,,,,,netsuite_itemdim,89920.0,CHB0337,Peanut Butter Cookie Chunk 12 Bar Box,840229305612,12,Chunk Peanut Butter Cookie 12 Bar Box,Assembly,7,1,Promo,F,,,,,2026-10-09
,,,,,,,,,,,84022930718,netsuite_upc,,,,,,,netsuite_itemdim,125159.0,CHB0372,Strawberry Shortcake Puff 12 Bar Box,840229307180,12,Chunk Strawberry Shortcake Puff 12 Bar Box,Assembly,7,1,Promo,F,,,,,2026-10-09
,,,,,,,,,,,84022930383,netsuite_upc,,,,,,,netsuite_itemdim,42625.0,MBB0007,12 Ct. 6Fl. Variety Puff Box ,840229303830,12,12 Ct. 6Fl. Variety Puff Box,Assembly,3,2,Core,F,,,,,2026-10-09
,,,,,,,,,,,84022930671,netsuite_upc,,,,,,,netsuite_itemdim,133300.0,MBB0022,"Sour Puff 12CtMix BluRazz,SwtPeach,GrnApple",840229306718,12,"Sour Puff 12CtMix BluRazz,SwtPeach,GrnApple",Assembly,3,2,Core,F,,,,,2026-10-09
,,,,,,,,,,,84022930667,netsuite_upc,,,,,,,netsuite_itemdim,142428.0,MBB0025,"7CNC,7PBC-French-14 Bar Box DTC",840229306671,14,"7CNC,7PBC-French-14 Bar Box DTC",Assembly,3,1,Promo,F,,,,,2026-10-09
,,,,,,,,,,,84022930641,netsuite_upc,,,,,,,netsuite_itemdim,109910.0,MER0047,Holiday Shipper 2 Flavor 72ct ,840229306411,72,"Holiday Shipper 2 Flavor 72ct (36 CC, 36 Hazelnut)",Assembly,3,1,Promo,F,,,,,2026-10-09
,,,,,,,,,,,84022930710,netsuite_upc,,,,,,,netsuite_itemdim,120946.0,MER0077,"14CT Disp ready tray 5brownbat4ct,9CookieDough4ct",840229307104,56,"14CT Disp ready tray 5brownbat4ct,9CookieDough4ct",Assembly,3,2,Core,F,,,,,2026-10-09
,,,,,,,,,,,84022930754,netsuite_upc,,,,,,,netsuite_itemdim,131887.0,MER0083,30CT 4- Flavor Minions PDQ Tray,840229307548,120,30CT 4- Flavor Minions PDQ Tray,Assembly,3,1,Promo,F,,,,,2026-10-09
,,,,,,,,,,,84022930511,netsuite_upc,,,,,,,netsuite_itemdim,141428.0,MER0085,72CTFL.ShipEvergrn 72PumpCookieCk,20840229305111,72,72CTFL.ShipEvergrn 72PumpCookieCk,Assembly,3,1,Promo,F,,,,,2026-10-09
,,,,,,,,,,,84022930497,netsuite_upc,,,,,,,netsuite_itemdim,86938.0,PAL0004,"Costco MBD0004 Pallet SKU; PA 35 Tray, 525 14ct Boxes",840229304974,7350,Costco MBD0004 Pallet SKU,Assembly,3,1,Promo,F,,,,,2026-10-09
,,,,,,,,,,,84022930757,netsuite_upc,,,,,,,netsuite_itemdim,131187.0,PAL0014,"14ct Mixed Puff-7 Brownie Batter, 7 Coconut Puff (Mexico)",840229307579,7350,"14ct Mixed Puff-7 Brownie Batter, 7 Coconut Puff (Mexico)",Assembly,3,2,Core,F,,,,,2026-10-09
,,,,,,,,,,,84022930817,netsuite_upc,,,,,,,netsuite_itemdim,140028.0,PAL0016,"14ctMP-7HZL,7MC Puff (French)",840229308170,7350,"14ctMP-7HZL,7MC Puff (French)",Assembly,3,2,Core,F,,,,,2026-10-09
,,,,,,,,,,,84022930814,netsuite_upc,,,,,,,netsuite_itemdim,140754.0,PAL0018,14Ctn:Mixpuff7BB7PBC (French),840229308149,7350,14Ctn:Mixpuff7BB7PBC (French),Assembly,3,2,Core,F,,,,,2026-10-09
,,,,,,,,,,,84022930382,netsuite_upc,,,,,,,netsuite_itemdim,84838.0,PFA0161,Churro Puff 4 Bar Box,840229303823,4,BYOB Churro Puff 4 Bar Box,Assembly,3,1,Promo,F,,,,,2026-10-09
,,,,,,,,,,,84022930823,netsuite_upc,,,,,,,netsuite_itemdim,132192.0,PFA0201,Birthday Cake Puff 4 Bar Box,840229308231,4,Birthday Cake Puff 4 Bar Box,Assembly,3,1,Promo,F,,,,,2026-10-09
,,,,,,,,,,,84022930810,netsuite_upc,,,,,,,netsuite_itemdim,138826.0,PFA0288,Dracula Cake Puff 4 Bar Box,840229308101,4,Dracula Cake Puff 4 Bar Box,Assembly,3,1,Promo,F,,,,,2026-10-09
,,,,,,,,,,,84022930611,netsuite_upc,,,,,,,netsuite_itemdim,96445.0,PFA0345,Mint Chip Puff - French 4 Bar Box,840229306114,4,Mint Chip Puff - French 4 Bar Box,Assembly,3,2,Core,F,,,,,2026-10-09
,,,,,,,,,,,84022930838,netsuite_upc,,,,,,,netsuite_itemdim,124861.0,PFA0371,Mint Brownie Chunk Puff 4 Bar Box,840229308385,4,BYOB Chunk Mint Brownie Puff 4 Bar Box,Assembly,7,1,Promo,F,,,,,2026-10-09
,,,,,,,,,,,84022930813,netsuite_upc,,,,,,,netsuite_itemdim,138930.0,PFA0394,Chocolatey Hazelnut Puff - French 4 Bar Box,840229308132,4,Chocolatey Hazelnut Puff - French 4 Bar Box,Assembly,3,1,Promo,F,,,,,2026-10-09
,,,,,,,,,,,84022930747,netsuite_upc,,,,,,,netsuite_itemdim,140932.0,PFA0395,Caramel Apple Puff 4 Bar Box,840229307470,4,Caramel Apple Puff 4 Bar Box,Assembly,3,1,Promo,F,,,,,2026-10-09
,,,,,,,,,,,84022930832,netsuite_upc,,,,,,,netsuite_itemdim,144538.0,PFA0396,Oatmeal Cream Pie Puff 4 Bar Box,840229308323,4,Oatmeal Cream Pie Puff 4 Bar Box,Assembly,3,1,Promo,F,,,,,2026-10-09
,,,,,,,,,,,84022930835,netsuite_upc,,,,,,,netsuite_itemdim,144937.0,PFA0397,Strawberry PB&J Puff 4 Bar Box,840229308354,4,Strawberry PB&J Puff 4 Bar Box,Assembly,3,1,Promo,F,,,,,2026-10-09
,,,,,,,,,,,84022930295,netsuite_upc,,,,,,,netsuite_itemdim,39726.0,PFB0201,Birthday Cake Puff 12 Bar Box,840229302956,12,Birthday Cake Puff 12 Bar Box,Assembly,3,1,Promo,F,,,,,2026-10-09
,,,,,,,,,,,84022930342,netsuite_upc,,,,,,,netsuite_itemdim,43725.0,PFB0217,Coconut Brownie Chunk Puff 12 Bar Box,840229303427,12,Coconut Brownie Chunk Puff 12 Bar Box,Assembly,7,1,Promo,F,,,,,2026-10-09
,,,,,,,,,,,84022930809,netsuite_upc,,,,,,,netsuite_itemdim,64175.0,PFB0288,Dracula Cake Puff 12 Bar Box,840229308095,12,Dracula Cake Puff 12 Bar Box,Assembly,3,1,Promo,F,,,,,2026-10-09
,,,,,,,,,,,84022930514,netsuite_upc,,,,,,,netsuite_itemdim,71096.0,PFB0302,Sugar Cookie Chunk Puff 12 Bar Box,840229305148,12,Sugar Cookie Chunk Puff 12 Bar Box,Assembly,7,1,Promo,F,,,,,2026-10-09
,,,,,,,,,,,84022930588,netsuite_upc,,,,,,,netsuite_itemdim,96444.0,PFB0345,Mint Chip Puff - French 12 Bar Box,840229305889,12,Mint Chip Puff - French 12 Bar Box,Assembly,3,2,Core,F,,,,,2026-10-09
,,,,,,,,,,,84022930643,netsuite_upc,,,,,,,netsuite_itemdim,102684.0,PFB0357,Peanut Butter Cup Puff 12 Bar Box,840229306435,12,Peanut Butter Cup Puff 12 Bar Box,Assembly,3,2,Core,F,,,,,2026-10-09
,,,,,,,,,,,84022930600,netsuite_upc,,,,,,,netsuite_itemdim,124859.0,PFB0371,Mint Brownie Chunk Puff 12 Bar Box,840229306008,12,Chunk Mint Brownie Puff 12 Bar Box,Assembly,7,1,Promo,F,,,,,2026-10-09
,,,,,,,,,,,84022930789,netsuite_upc,,,,,,,netsuite_itemdim,129482.0,PFB0378,Peanut Butter Dreamwich 12 Bar Box,840229307890,12,Peanut Butter Dreamwich 12 Bar Box,Assembly,3,1,Promo,F,,,,,2026-10-09
,,,,,,,,,,,84022930812,netsuite_upc,,,,,,,netsuite_itemdim,138928.0,PFB0394,Chocolatey Hazelnut Puff - French 12 Bar Box,840229308125,12,Chocolatey Hazelnut Puff - French 12 Bar Box,Assembly,3,1,Promo,F,,,,,2026-10-09
,,,,,,,,,,,84022930748,netsuite_upc,,,,,,,netsuite_itemdim,140930.0,PFB0395,Caramel Apple Puff 12 Bar Box,840229307487,12,Caramel Apple Puff 12 Bar Box,Assembly,3,1,Promo,F,,,,,2026-10-09
,,,,,,,,,,,84022930831,netsuite_upc,,,,,,,netsuite_itemdim,144536.0,PFB0396,Oatmeal Cream Pie Puff 12 Bar Box,840229308316,12,Oatmeal Cream Pie Puff 12 Bar Box,Assembly,3,1,Promo,F,,,,,2026-10-09
,,,,,,,,,,,84022930690,netsuite_upc,,,,,,,netsuite_itemdim,118442.0,PFC0255,Mint Chip Puff 8 Bar Box,840229306909,8,Mint Chip Puff 8 Bar Box,Assembly,3,2,Core,F,,,,,2026-10-09
,,,,,,,,,,,84022930689,netsuite_upc,,,,,,,netsuite_itemdim,118443.0,PFC0337,Cookies N Cream Puff 8 Bar Box,840229306893,8,Cookies N Cream Puff 8 Bar Box,Assembly,3,2,Core,F,,,,,2026-10-09
,,,,,,,,,,,84022930687,netsuite_upc,,,,,,,netsuite_itemdim,119040.0,PFC0357,Peanut Butter Cup Puff 8 Bar Box,840229306879,8,Peanut Butter Cup Puff 8 Bar Box,Assembly,3,2,Core,F,,,,,2026-10-09
,,,,,,,,,,,04096248329,spins_only,,,,,,,spins_panel,,,,,,,,,,,,00-40962-48329,Built Bar Coconut Chocolate 1.73 Oz (18 Pk),18,Bar,2026-10-09
,,,,,,,,,,,04096248332,spins_only,,,,,,,spins_panel,,,,,,,,,,,,00-40962-48332,Built Bar Double Choclt Prtn Br 1.73oz (16pk),16,Bar,2026-10-09
,,,,,,,,,,,04096248338,spins_only,,,,,,,spins_panel,,,,,,,,,,,,00-40962-48338,Built Bar Raspberry Protn Bar 1.73 Oz (16 Pk),16,Bar,2026-10-09
,,,,,,,,,,,04096248341,spins_only,,,,,,,spins_panel,,,,,,,,,,,,00-40962-48341,Built Bar Salted Caramel Choc 1.73 Oz (18 Pk),18,Bar,2026-10-09
,,,,,,,,,,,04096248344,spins_only,,,,,,,spins_panel,,,,,,,,,,,,00-40962-48344,Built Bar Cookies N Cream Bar 1.73 Oz (16 Pk),16,Bar,2026-10-09
,,,,,,,,,,,04096248350,spins_only,,,,,,,spins_panel,,,,,,,,,,,,00-40962-48350,Built Bar Mint Brownie Choc 1.73 Oz (18 Pk),18,Bar,2026-10-09
,,,,,,,,,,,04096248365,spins_only,,,,,,,spins_panel,,,,,,,,,,,,00-40962-48365,Built Bar Coconut Almond 1.97 Oz (18 Pk),18,Bar,2026-10-09
,,,,,,,,,,,04096248446,spins_only,,,,,,,spins_panel,,,,,,,,,,,,00-40962-48446,Built Bar Pnt Bttr Brwn Prtn Br 1.73oz (16pk),16,Bar,2026-10-09
,,,,,,,,,,,84022930103,spins_only,,,,,,,spins_panel,,,,,,,,,,,,08-40229-30103,Built Coocnut Almond Bar 1.97oz,,Bar,2026-10-09
,,,,,,,,,,,84022930111,spins_only,,,,,,,spins_panel,,,,,,,,,,,,08-40229-30111,Built Cherry Barcia Bar 1.72oz,,Bar,2026-10-09
,,,,,,,,,,,84022930115,spins_only,,,,,,,spins_panel,,,,,,,,,,,,08-40229-30115,Built Peanut Butter Bar 1.69oz,,Bar,2026-10-09
,,,,,,,,,,,84022930122,spins_only,,,,,,,spins_panel,,,,,,,,,,,,08-40229-30122,Built Raspberry Bar 1.73oz,,Bar,2026-10-09
,,,,,,,,,,,84022930130,spins_only,,,,,,,spins_panel,,,,,,,,,,,,08-40229-30130,Built Cookies & Cream Bar 1.69oz,,Bar,2026-10-09
,,,,,,,,,,,84022930143,spins_only,,,,,,,spins_panel,,,,,,,,,,,,08-40229-30143,Built Bar Peanut Butter Brown Br 2.05oz(18pk),18,Bar,2026-10-09
,,,,,,,,,,,84022930148,spins_only,,,,,,,spins_panel,,,,,,,,,,,,08-40229-30148,Built Bar Strawberry Choc Protein Bar 1.7oz,,Bar,2026-10-09
,,,,,,,,,,,84022930212,spins_only,,,,,,,spins_panel,,,,,,,,,,,,08-40229-30212,Built Puff Banana Cream Pie Protein Bar 1.41 Oz (12 Pk),12,Puff,2026-10-09
,,,,,,,,,,,84022930221,spins_only,,,,,,,spins_panel,,,,,,,,,,,,08-40229-30221,Built Brownie Batter Puff 1.41oz,,Puff,2026-10-09
,,,,,,,,,,,84022930223,spins_only,,,,,,,spins_panel,,,,,,,,,,,,08-40229-30223,Built Vanilla Cream  Bar 1.69oz,,Bar,2026-10-09
,,,,,,,,,,,84022930249,spins_only,,,,,,,spins_panel,,,,,,,,,,,,08-40229-30249,Built Candy Cane Brownie Bar 1.51oz,,Bar,2026-10-09
,,,,,,,,,,,84022930254,spins_only,,,,,,,spins_panel,,,,,,,,,,,,08-40229-30254,Built Bar Mint Brownie Protein Nutritional Snack Bar Ss 20.32oz,,Bar,2026-10-09
,,,,,,,,,,,84022930259,spins_only,,,,,,,spins_panel,,,,,,,,,,,,08-40229-30259,+bltbr Dbch Prtn Nsb Bar 20.16oz,,Bar,2026-10-09
,,,,,,,,,,,84022930285,spins_only,,,,,,,spins_panel,,,,,,,,,,,,08-40229-30285,Built Orange Cream Pop Protein Bar 1.41oz(12pk),12,Bar,2026-10-09
,,,,,,,,,,,84022930322,spins_only,,,,,,,spins_panel,,,,,,,,,,,,08-40229-30322,Built Coconut Granola Bar 1.9oz,,Bar,2026-10-09
,,,,,,,,,,,84022930324,spins_only,,,,,,,spins_panel,,,,,,,,,,,,08-40229-30324,Built Peanut Butter Granola Bar 1.9oz,,Bar,2026-10-09
,,,,,,,,,,,84022930335,spins_only,,,,,,,spins_panel,,,,,,,,,,,,08-40229-30335,Built Mud Pie Bar 1.8oz,,Bar,2026-10-09
,,,,,,,,,,,84022930337,spins_only,,,,,,,spins_panel,,,,,,,,,,,,08-40229-30337,Built Mud Pie Puff 1.52oz,,Puff,2026-10-09
,,,,,,,,,,,84022930344,spins_only,,,,,,,spins_panel,,,,,,,,,,,,08-40229-30344,Built Puff Smores Chunk 18.20 Oz (12ct),12,Puff,2026-10-09
,,,,,,,,,,,84022930345,spins_only,,,,,,,spins_panel,,,,,,,,,,,,08-40229-30345,Built Bar White Choc Peppermint Bar,,Bar,2026-10-09
,,,,,,,,,,,84022930347,spins_only,,,,,,,spins_panel,,,,,,,,,,,,08-40229-30347,Built Snickerdoodle Chunk Puff 1.52oz,,Chunk,2026-10-09
,,,,,,,,,,,84022930354,spins_only,,,,,,,spins_panel,,,,,,,,,,,,08-40229-30354,Built Maple Donut Puff 1.41oz,,Puff,2026-10-09
,,,,,,,,,,,84022930374,spins_only,,,,,,,spins_panel,,,,,,,,,,,,08-40229-30374,Built Bar Vrty Pck Prtn Pff Brs 1.6 Oz (12pk),12,Bar,2026-10-09
,,,,,,,,,,,84022930385,spins_only,,,,,,,spins_panel,,,,,,,,,,,,08-40229-30385,Built Bar Cookie Dough 1.83oz,,Bar,2026-10-09
,,,,,,,,,,,84022930387,spins_only,,,,,,,spins_panel,,,,,,,,,,,,08-40229-30387,Built Coocnut Brownie 1.83oz,,,2026-10-09
,,,,,,,,,,,84022930395,spins_only,,,,,,,spins_panel,,,,,,,,,,,,08-40229-30395,Built Puff Candy Cane Brownie Protein Bar 1.52oz (12pk),12,Puff,2026-10-09
,,,,,,,,,,,84022930398,spins_only,,,,,,,spins_panel,,,,,,,,,,,,08-40229-30398,Built Bar Puff Cookies N Cream 1.41 Oz,,Bar,2026-10-09
,,,,,,,,,,,84022930449,spins_only,,,,,,,spins_panel,,,,,,,,,,,,08-40229-30449,Built Peanut Butter Puff 1.41oz,,Puff,2026-10-09
,,,,,,,,,,,84022930467,spins_only,,,,,,,spins_panel,,,,,,,,,,,,08-40229-30467,Built Puff Mint Chip Protein Bar 1.41 Oz (12 Pk),12,Puff,2026-10-09
,,,,,,,,,,,84022930475,spins_only,,,,,,,spins_panel,,,,,,,,,,,,08-40229-30475,Built Puff Mixed Berry Bar 1.41 Oz,,Puff,2026-10-09
,,,,,,,,,,,84022930477,spins_only,,,,,,,spins_panel,,,,,,,,,,,,08-40229-30477,Built Banana Cream Pie Puff 1.41oz,,Puff,2026-10-09
,,,,,,,,,,,84022930480,spins_only,,,,,,,spins_panel,,,,,,,,,,,,08-40229-30480,Built Animal Cookie Puff 1.41oz,,Puff,2026-10-09
,,,,,,,,,,,84022930503,spins_only,,,,,,,spins_panel,,,,,,,,,,,,08-40229-30503,Built Lemon Lime Puff 1.41oz,,Puff,2026-10-09
,,,,,,,,,,,84022930520,spins_only,,,,,,,spins_panel,,,,,,,,,,,,08-40229-30520,Built Smores Chunk Puff 1.5oz,,Chunk,2026-10-09
,,,,,,,,,,,84022930532,spins_only,,,,,,,spins_panel,,,,,,,,,,,,08-40229-30532,Built Red Velvet Creme Puff 1.41oz,,Puff,2026-10-09
,,,,,,,,,,,84022930533,spins_only,,,,,,,spins_panel,,,,,,,,,,,,08-40229-30533,Built Cinnamon Roll Puff 1.41oz,,Puff,2026-10-09
,,,,,,,,,,,84022930536,spins_only,,,,,,,spins_panel,,,,,,,,,,,,08-40229-30536,Built Strawberries And Cream Puff 1.41oz,,Puff,2026-10-09
,,,,,,,,,,,84022930563,spins_only,,,,,,,spins_panel,,,,,,,,,,,,08-40229-30563,Built Puff Rocky Road 16.93oz (12ct),12,Puff,2026-10-09
,,,,,,,,,,,84022930576,spins_only,,,,,,,spins_panel,,,,,,,,,,,,08-40229-30576,Built Puff Chocolate Milkshake Protein Bar 1.41 Oz (12 Pk),12,Puff,2026-10-09
,,,,,,,,,,,84022930578,spins_only,,,,,,,spins_panel,,,,,,,,,,,,08-40229-30578,Built Puff Salted Caramel Protein Bar 1.41 Oz (12 Pk),12,Puff,2026-10-09
,,,,,,,,,,,84022930582,spins_only,,,,,,,spins_panel,,,,,,,,,,,,08-40229-30582,Built Puff Cookies N Cream Protein Bar 1.41 Oz (12 Pk),12,Puff,2026-10-09
,,,,,,,,,,,84022930584,spins_only,,,,,,,spins_panel,,,,,,,,,,,,08-40229-30584,Built Milk Chocolate Smores Puff 1.41oz,,Puff,2026-10-09
,,,,,,,,,,,84022930590,spins_only,,,,,,,spins_panel,,,,,,,,,,,,08-40229-30590,Built Puff Strawberries N Cream Protein Bar 1.41 Oz (12 Pk),12,Puff,2026-10-09
,,,,,,,,,,,84022930616,spins_only,,,,,,,spins_panel,,,,,,,,,,,,08-40229-30616,Built Puff Chocolatey Hazelnut 16.93oz (12pk),12,Puff,2026-10-09
,,,,,,,,,,,84022930658,spins_only,,,,,,,spins_panel,,,,,,,,,,,,08-40229-30658,Built Sour Puff  Protein Bar  Blue Razz Blast  1.45 Oz (12pk),12,Sour Puff,2026-10-09
,,,,,,,,,,,84022930659,spins_only,,,,,,,spins_panel,,,,,,,,,,,,08-40229-30659,Built Sour Puff Protein Bar Green Apple Crush  1.45oz (12pk),12,Sour Puff,2026-10-09
,,,,,,,,,,,84022930660,spins_only,,,,,,,spins_panel,,,,,,,,,,,,08-40229-30660,Built Sour Puff Protein Bar Sweet Peach Punch 1.45 Oz (12pk),12,Sour Puff,2026-10-09
,,,,,,,,,,,84022930696,spins_only,,,,,,,spins_panel,,,,,,,,,,,,08-40229-30696,Built Puff Rocky Road Protein Bar 1.41 Oz (4 Pk),4,Puff,2026-10-09
,,,,,,,,,,,84022930697,spins_only,,,,,,,spins_panel,,,,,,,,,,,,08-40229-30697,Built Puff Orange Cream Pop Protein Bar 1.41 Oz (4 Pk),4,Puff,2026-10-09
,,,,,,,,,,,84022930749,spins_only,,,,,,,spins_panel,,,,,,,,,,,,08-40229-30749,Built Puff Banana Cream Pie Protein Bar 1.41 Oz (4 Pk),4,Puff,2026-10-09
,,,,,,,,,,,84022930752,spins_only,,,,,,,spins_panel,,,,,,,,,,,,08-40229-30752,Built Sour Puff Tropical Mango Burst Protein Bar 1.45 Oz (12 Pk),12,Sour Puff,2026-10-09
,,,,,,,,,,,84022930772,spins_only,,,,,,,spins_panel,,,,,,,,,,,,08-40229-30772,Built Puff Peanut Butter Smores Chunk Protein Bar 1.55 Oz (12 Pk),12,Puff,2026-10-09
