salesrepid,employeecode,firstname,lastname,salesrepname,title,departmentid,departmentname
9,Liana  He,Liana,He,Liana He,MHI Consultant,,
773105,Brittany  Piquet,Brittany,Piquet,Brittany Piquet,Customer Service Manager,3.0,6000 SALES AND MARKETING : 6110 Brand Marketing Admin (Inactive-Previously 6100)
773625,Brigham Greer,Brigham,Greer,Brigham Greer,Field Marketing Manger,3.0,6000 SALES AND MARKETING : 6110 Brand Marketing Admin (Inactive-Previously 6100)
774451,Ben George,Ben,George,Ben George,Director of Sales,44.0,6000 SALES AND MARKETING : 6510 Marketplace Sales
774453,Ben Beeson,Ben,Beeson,Ben Beeson,SVP Retail and Wholesale Sales,45.0,6000 SALES AND MARKETING : 6310 Reseller Sales
774809,Josh Kimball,Josh,Kimball,Josh Kimball,C Store Sales,8.0,6000 SALES AND MARKETING : 6310 Reseller Sales Admin (Inactive-Previously 6300)
774810,Eric Crane,Eric,Crane,Eric Crane,Sales  Representative,8.0,6000 SALES AND MARKETING : 6310 Reseller Sales Admin (Inactive-Previously 6300)
777156,Dan Bennett,Dan,Bennett,Dan Bennett,VP of Sales,,
1867705,Samantha Adelizzi,Samantha,Adelizzi,Samantha Adelizzi,Sales Manager,8.0,6000 SALES AND MARKETING : 6310 Reseller Sales Admin (Inactive-Previously 6300)
1867706,Karen Kalinski,Karen,Kalinski,Karen Kalinski,Sales Manager,8.0,6000 SALES AND MARKETING : 6310 Reseller Sales Admin (Inactive-Previously 6300)
3628503,Shaina Ducklow,Shaina,Ducklow,Shaina Ducklow,Sales Manager,8.0,6000 SALES AND MARKETING : 6310 Reseller Sales Admin (Inactive-Previously 6300)
7713508,Chris Thompson,Chris,Thompson,Chris Thompson,Sales Representative,8.0,6000 SALES AND MARKETING : 6310 Reseller Sales Admin (Inactive-Previously 6300)
11281193,Jose Madera,Jose,Madera,Jose Madera,Sales Rep,,
12826022,Matt Clevenger,Matt,Clevenger,Matt Clevenger,,,
